username,balance,email,phone
alice,436,alice@example.com,123-456-7890
bob,564,bob@example.com,234-567-8901
charlie,500,charlie@example.com,345-678-9012
david,500,david@example.com,456-789-0123
eve,500,eve@example.com,567-890-1234
frank,500,frank@example.com,678-901-2345
grace,500,grace@example.com,789-012-3456
henry,500,henry@example.com,890-123-4567
ivy,500,ivy@example.com,901-234-5678
jack,500,jack@example.com,012-345-6789
type,seq,client,message,sender,decision,round,timestamp
request,1724616818226,pbft-client,"{""from"":""alice"",""to"":""bob"",""amount"":4}",pbft-client,0,1,1724616818296
pre-prepare,1724616818228,pbft-client,"{""from"":""alice"",""to"":""bob"",""amount"":4}",node1,0,1,1724616818622
pre-prepare,1724616818228,pbft-client,"{""from"":""alice"",""to"":""bob"",""amount"":4}",node2,0,1,1724616828541
pre-prepare,1724616818228,pbft-client,"{""from"":""alice"",""to"":""bob"",""amount"":4}",node3,0,1,1724616838598
pre-prepare,1724616818226,pbft-client,"{""from"":""alice"",""to"":""bob"",""amount"":4}",node4,0,1,1724616848440
prepare,1724616818226,pbft-client,"{""from"":""alice"",""to"":""bob"",""amount"":4}",node18,0,1,1724616848654
prepare,1724616818226,pbft-client,"{""from"":""alice"",""to"":""bob"",""amount"":4}",node5,0,1,1724616848680
prepare,1724616818226,pbft-client,"{""from"":""alice"",""to"":""bob"",""amount"":4}",node11,0,1,1724616848800
prepare,1724616818226,pbft-client,"{""from"":""alice"",""to"":""bob"",""amount"":4}",node6,0,1,1724616848914
prepare,1724616818226,pbft-client,"{""from"":""alice"",""to"":""bob"",""amount"":4}",node17,0,1,1724616848955
prepare,1724616818226,pbft-client,"{""from"":""alice"",""to"":""bob"",""amount"":4}",node7,0,1,1724616849016
prepare,1724616818226,pbft-client,"{""from"":""alice"",""to"":""bob"",""amount"":4}",node9,0,1,1724616849074
prepare,1724616818226,pbft-client,"{""from"":""alice"",""to"":""bob"",""amount"":4}",node10,0,1,1724616849110
prepare,1724616818226,pbft-client,"{""from"":""alice"",""to"":""bob"",""amount"":4}",node14,0,1,1724616849168
prepare,1724616818226,pbft-client,"{""from"":""alice"",""to"":""bob"",""amount"":4}",node13,0,1,1724616849301
prepare,1724616818226,pbft-client,"{""from"":""alice"",""to"":""bob"",""amount"":4}",node16,0,1,1724616849394
prepare,1724616818226,pbft-client,"{""from"":""alice"",""to"":""bob"",""amount"":4}",node15,0,1,1724616849494
prepare,1724616818226,pbft-client,"{""from"":""alice"",""to"":""bob"",""amount"":4}",node4,0,1,1724616849603
prepare,1724616818226,pbft-client,"{""from"":""alice"",""to"":""bob"",""amount"":4}",node12,0,1,1724616849708
prepare,1724616818226,pbft-client,"{""from"":""alice"",""to"":""bob"",""amount"":4}",node8,0,1,1724616849769
prepare,1724616818226,pbft-client,"{""from"":""alice"",""to"":""bob"",""amount"":4}",node19,0,1,1724616849858
commit,1724616818226,pbft-client,"{""from"":""alice"",""to"":""bob"",""amount"":4}",node5,0,1,1724616849933
commit,1724616818226,pbft-client,"{""from"":""alice"",""to"":""bob"",""amount"":4}",node6,0,1,1724616850183
commit,1724616818226,pbft-client,"{""from"":""alice"",""to"":""bob"",""amount"":4}",node11,0,1,1724616851026
commit,1724616818226,pbft-client,"{""from"":""alice"",""to"":""bob"",""amount"":4}",node7,0,1,1724616851171
commit,1724616818226,pbft-client,"{""from"":""alice"",""to"":""bob"",""amount"":4}",node13,0,1,1724616851066
commit,1724616818226,pbft-client,"{""from"":""alice"",""to"":""bob"",""amount"":4}",node14,0,1,1724616851110
commit,1724616818226,pbft-client,"{""from"":""alice"",""to"":""bob"",""amount"":4}",node8,0,1,1724616850972
commit,1724616818226,pbft-client,"{""from"":""alice"",""to"":""bob"",""amount"":4}",node4,0,1,1724616851311
commit,1724616818226,pbft-client,"{""from"":""alice"",""to"":""bob"",""amount"":4}",node10,0,1,1724616851436
commit,1724616818226,pbft-client,"{""from"":""alice"",""to"":""bob"",""amount"":4}",node12,0,1,1724616851524
commit,1724616818226,pbft-client,"{""from"":""alice"",""to"":""bob"",""amount"":4}",node15,0,1,1724616851477
commit,1724616818226,pbft-client,"{""from"":""alice"",""to"":""bob"",""amount"":4}",node18,0,1,1724616851513
commit,1724616818226,pbft-client,"{""from"":""alice"",""to"":""bob"",""amount"":4}",node9,0,1,1724616851865
commit,1724616818226,pbft-client,"{""from"":""alice"",""to"":""bob"",""amount"":4}",node17,0,1,1724616851874
commit,1724616818226,pbft-client,"{""from"":""alice"",""to"":""bob"",""amount"":4}",node16,0,1,1724616851897
commit,1724616818226,pbft-client,"{""from"":""alice"",""to"":""bob"",""amount"":4}",node19,0,1,1724616851915
request,1724616871065,pbft-client,"{""from"":""alice"",""to"":""bob"",""amount"":4}",pbft-client,0,1,1724616871093
pre-prepare,1724616871065,pbft-client,"{""from"":""alice"",""to"":""bob"",""amount"":4}",node4,0,1,1724616871219
pre-prepare,1724616871065,pbft-client,"{""from"":""alice"",""to"":""bob"",""amount"":4}",node1,0,1,1724616871279
prepare,1724616871065,pbft-client,"{""from"":""alice"",""to"":""bob"",""amount"":4}",node14,0,1,1724616871494
prepare,1724616871065,pbft-client,"{""from"":""alice"",""to"":""bob"",""amount"":4}",node16,0,1,1724616871599
prepare,1724616871065,pbft-client,"{""from"":""alice"",""to"":""bob"",""amount"":4}",node4,0,1,1724616871653
prepare,1724616871065,pbft-client,"{""from"":""alice"",""to"":""bob"",""amount"":4}",node9,0,1,1724616871694
prepare,1724616871065,pbft-client,"{""from"":""alice"",""to"":""bob"",""amount"":4}",node15,0,1,1724616871757
prepare,1724616871065,pbft-client,"{""from"":""alice"",""to"":""bob"",""amount"":4}",node19,0,1,1724616871860
prepare,1724616871065,pbft-client,"{""from"":""alice"",""to"":""bob"",""amount"":4}",node8,0,1,1724616871971
prepare,1724616871065,pbft-client,"{""from"":""alice"",""to"":""bob"",""amount"":4}",node5,0,1,1724616872079
prepare,1724616871065,pbft-client,"{""from"":""alice"",""to"":""bob"",""amount"":4}",node18,0,1,1724616872233
prepare,1724616871065,pbft-client,"{""from"":""alice"",""to"":""bob"",""amount"":4}",node12,0,1,1724616872187
prepare,1724616871065,pbft-client,"{""from"":""alice"",""to"":""bob"",""amount"":4}",node6,0,1,1724616872282
prepare,1724616871065,pbft-client,"{""from"":""alice"",""to"":""bob"",""amount"":4}",node17,0,1,1724616872379
prepare,1724616871065,pbft-client,"{""from"":""alice"",""to"":""bob"",""amount"":4}",node11,0,1,1724616872707
commit,1724616871065,pbft-client,"{""from"":""alice"",""to"":""bob"",""amount"":4}",node4,0,1,1724616872932
prepare,1724616871065,pbft-client,"{""from"":""alice"",""to"":""bob"",""amount"":4}",node13,0,1,1724616873076
commit,1724616871065,pbft-client,"{""from"":""alice"",""to"":""bob"",""amount"":4}",node9,0,1,1724616873130
commit,1724616871065,pbft-client,"{""from"":""alice"",""to"":""bob"",""amount"":4}",node6,0,1,1724616873154
commit,1724616871065,pbft-client,"{""from"":""alice"",""to"":""bob"",""amount"":4}",node13,0,1,1724616873167
commit,1724616871065,pbft-client,"{""from"":""alice"",""to"":""bob"",""amount"":4}",node5,0,1,1724616873228
commit,1724616871065,pbft-client,"{""from"":""alice"",""to"":""bob"",""amount"":4}",node17,0,1,1724616873322
commit,1724616871065,pbft-client,"{""from"":""alice"",""to"":""bob"",""amount"":4}",node18,0,1,1724616873290
prepare,1724616871065,pbft-client,"{""from"":""alice"",""to"":""bob"",""amount"":4}",node10,0,1,1724616873650
commit,1724616871065,pbft-client,"{""from"":""alice"",""to"":""bob"",""amount"":4}",node15,0,1,1724616873794
commit,1724616871065,pbft-client,"{""from"":""alice"",""to"":""bob"",""amount"":4}",node16,0,1,1724616873859
prepare,1724616871065,pbft-client,"{""from"":""alice"",""to"":""bob"",""amount"":4}",node7,0,1,1724616873935
commit,1724616871065,pbft-client,"{""from"":""alice"",""to"":""bob"",""amount"":4}",node8,0,1,1724616874064
commit,1724616871065,pbft-client,"{""from"":""alice"",""to"":""bob"",""amount"":4}",node19,0,1,1724616874215
commit,1724616871065,pbft-client,"{""from"":""alice"",""to"":""bob"",""amount"":4}",node11,0,1,1724616874262
commit,1724616871065,pbft-client,"{""from"":""alice"",""to"":""bob"",""amount"":4}",node12,0,1,1724616874469
commit,1724616871065,pbft-client,"{""from"":""alice"",""to"":""bob"",""amount"":4}",node14,0,1,1724616874507
commit,1724616871065,pbft-client,"{""from"":""alice"",""to"":""bob"",""amount"":4}",node10,0,1,1724616874621
commit,1724616871065,pbft-client,"{""from"":""alice"",""to"":""bob"",""amount"":4}",node7,0,1,1724616874663
request,1724616919755,pbft-client,"{""from"":""alice"",""to"":""bob"",""amount"":4}",pbft-client,0,1,1724616919784
pre-prepare,1724616919755,pbft-client,"{""from"":""alice"",""to"":""bob"",""amount"":4}",node1,0,1,1724616919912
pre-prepare,1724616919755,pbft-client,"{""from"":""alice"",""to"":""bob"",""amount"":4}",node4,0,1,1724616919951
prepare,1724616919755,pbft-client,"{""from"":""alice"",""to"":""bob"",""amount"":4}",node13,0,1,1724616920145
prepare,1724616919755,pbft-client,"{""from"":""alice"",""to"":""bob"",""amount"":4}",node7,0,1,1724616920196
prepare,1724616919755,pbft-client,"{""from"":""alice"",""to"":""bob"",""amount"":4}",node16,0,1,1724616920318
prepare,1724616919755,pbft-client,"{""from"":""alice"",""to"":""bob"",""amount"":4}",node10,0,1,1724616920476
prepare,1724616919755,pbft-client,"{""from"":""alice"",""to"":""bob"",""amount"":4}",node15,0,1,1724616920411
prepare,1724616919755,pbft-client,"{""from"":""alice"",""to"":""bob"",""amount"":4}",node6,0,1,1724616921046
prepare,1724616919755,pbft-client,"{""from"":""alice"",""to"":""bob"",""amount"":4}",node8,0,1,1724616921279
prepare,1724616919755,pbft-client,"{""from"":""alice"",""to"":""bob"",""amount"":4}",node9,0,1,1724616921337
prepare,1724616919755,pbft-client,"{""from"":""alice"",""to"":""bob"",""amount"":4}",node17,0,1,1724616921215
prepare,1724616919755,pbft-client,"{""from"":""alice"",""to"":""bob"",""amount"":4}",node14,0,1,1724616921123
prepare,1724616919755,pbft-client,"{""from"":""alice"",""to"":""bob"",""amount"":4}",node11,0,1,1724616921573
prepare,1724616919755,pbft-client,"{""from"":""alice"",""to"":""bob"",""amount"":4}",node5,0,1,1724616921170
prepare,1724616919755,pbft-client,"{""from"":""alice"",""to"":""bob"",""amount"":4}",node12,0,1,1724616921392
prepare,1724616919755,pbft-client,"{""from"":""alice"",""to"":""bob"",""amount"":4}",node4,0,1,1724616921523
prepare,1724616919755,pbft-client,"{""from"":""alice"",""to"":""bob"",""amount"":4}",node18,0,1,1724616921753
commit,1724616919755,pbft-client,"{""from"":""alice"",""to"":""bob"",""amount"":4}",node10,0,1,1724616921985
commit,1724616919755,pbft-client,"{""from"":""alice"",""to"":""bob"",""amount"":4}",node12,0,1,1724616922007
commit,1724616919755,pbft-client,"{""from"":""alice"",""to"":""bob"",""amount"":4}",node6,0,1,1724616922017
commit,1724616919755,pbft-client,"{""from"":""alice"",""to"":""bob"",""amount"":4}",node11,0,1,1724616922100
commit,1724616919755,pbft-client,"{""from"":""alice"",""to"":""bob"",""amount"":4}",node5,0,1,1724616922290
commit,1724616919755,pbft-client,"{""from"":""alice"",""to"":""bob"",""amount"":4}",node17,0,1,1724616922358
commit,1724616919755,pbft-client,"{""from"":""alice"",""to"":""bob"",""amount"":4}",node4,0,1,1724616922540
commit,1724616919755,pbft-client,"{""from"":""alice"",""to"":""bob"",""amount"":4}",node18,0,1,1724616922492
commit,1724616919755,pbft-client,"{""from"":""alice"",""to"":""bob"",""amount"":4}",node9,0,1,1724616922737
commit,1724616919755,pbft-client,"{""from"":""alice"",""to"":""bob"",""amount"":4}",node7,0,1,1724616922654
commit,1724616919755,pbft-client,"{""from"":""alice"",""to"":""bob"",""amount"":4}",node14,0,1,1724616922698
prepare,1724616919755,pbft-client,"{""from"":""alice"",""to"":""bob"",""amount"":4}",node19,0,1,1724616922597
commit,1724616919755,pbft-client,"{""from"":""alice"",""to"":""bob"",""amount"":4}",node8,0,1,1724616922845
commit,1724616919755,pbft-client,"{""from"":""alice"",""to"":""bob"",""amount"":4}",node15,0,1,1724616923053
commit,1724616919755,pbft-client,"{""from"":""alice"",""to"":""bob"",""amount"":4}",node13,0,1,1724616923121
commit,1724616919755,pbft-client,"{""from"":""alice"",""to"":""bob"",""amount"":4}",node16,0,1,1724616923171
commit,1724616919755,pbft-client,"{""from"":""alice"",""to"":""bob"",""amount"":4}",node19,0,1,1724616923588
request,1724617541558,pbft-client,"{""from"":""alice"",""to"":""bob"",""amount"":4}",pbft-client,0,1,1724617541637
pre-prepare,1724617541558,pbft-client,"{""from"":""alice"",""to"":""bob"",""amount"":4}",node1,0,1,1724617541787
prepare,1724617541558,pbft-client,"{""from"":""alice"",""to"":""bob"",""amount"":4}",node10,0,1,1724617542742
prepare,1724617541558,pbft-client,"{""from"":""alice"",""to"":""bob"",""amount"":4}",node18,0,1,1724617542937
prepare,1724617541558,pbft-client,"{""from"":""alice"",""to"":""bob"",""amount"":4}",node11,0,1,1724617542898
prepare,1724617541558,pbft-client,"{""from"":""alice"",""to"":""bob"",""amount"":4}",node13,0,1,1724617542927
prepare,1724617541558,pbft-client,"{""from"":""alice"",""to"":""bob"",""amount"":4}",node9,0,1,1724617542968
prepare,1724617541558,pbft-client,"{""from"":""alice"",""to"":""bob"",""amount"":4}",node6,0,1,1724617542986
prepare,1724617541558,pbft-client,"{""from"":""alice"",""to"":""bob"",""amount"":4}",node17,0,1,1724617542994
prepare,1724617541558,pbft-client,"{""from"":""alice"",""to"":""bob"",""amount"":4}",node2,0,1,1724617542853
prepare,1724617541558,pbft-client,"{""from"":""alice"",""to"":""bob"",""amount"":4}",node4,0,1,1724617542957
prepare,1724617541558,pbft-client,"{""from"":""alice"",""to"":""bob"",""amount"":4}",node15,0,1,1724617542977
prepare,1724617541558,pbft-client,"{""from"":""alice"",""to"":""bob"",""amount"":4}",node3,0,1,1724617543192
prepare,1724617541558,pbft-client,"{""from"":""alice"",""to"":""bob"",""amount"":4}",node5,0,1,1724617543309
prepare,1724617541558,pbft-client,"{""from"":""alice"",""to"":""bob"",""amount"":4}",node12,0,1,1724617543949
prepare,1724617541558,pbft-client,"{""from"":""alice"",""to"":""bob"",""amount"":4}",node1,0,1,1724617544006
prepare,1724617541558,pbft-client,"{""from"":""alice"",""to"":""bob"",""amount"":4}",node14,0,1,1724617543986
prepare,1724617541558,pbft-client,"{""from"":""alice"",""to"":""bob"",""amount"":4}",node8,0,1,1724617543996
prepare,1724617541558,pbft-client,"{""from"":""alice"",""to"":""bob"",""amount"":4}",node7,0,1,1724617543966
commit,1724617541558,pbft-client,"{""from"":""alice"",""to"":""bob"",""amount"":4}",node2,0,1,1724617544229
commit,1724617541558,pbft-client,"{""from"":""alice"",""to"":""bob"",""amount"":4}",node15,0,1,1724617544252
commit,1724617541558,pbft-client,"{""from"":""alice"",""to"":""bob"",""amount"":4}",node10,0,1,1724617544261
prepare,1724617541558,pbft-client,"{""from"":""alice"",""to"":""bob"",""amount"":4}",node16,0,1,1724617544212
prepare,1724617541558,pbft-client,"{""from"":""alice"",""to"":""bob"",""amount"":4}",node19,0,1,1724617544220
commit,1724617541558,pbft-client,"{""from"":""alice"",""to"":""bob"",""amount"":4}",node4,0,1,1724617544243
commit,1724617541558,pbft-client,"{""from"":""alice"",""to"":""bob"",""amount"":4}",node11,0,1,1724617544289
commit,1724617541558,pbft-client,"{""from"":""alice"",""to"":""bob"",""amount"":4}",node5,0,1,1724617544300
commit,1724617541558,pbft-client,"{""from"":""alice"",""to"":""bob"",""amount"":4}",node18,0,1,1724617544353
commit,1724617541558,pbft-client,"{""from"":""alice"",""to"":""bob"",""amount"":4}",node6,0,1,1724617544363
commit,1724617541558,pbft-client,"{""from"":""alice"",""to"":""bob"",""amount"":4}",node9,0,1,1724617544341
commit,1724617541558,pbft-client,"{""from"":""alice"",""to"":""bob"",""amount"":4}",node3,0,1,1724617544502
commit,1724617541558,pbft-client,"{""from"":""alice"",""to"":""bob"",""amount"":4}",node17,0,1,1724617544654
commit,1724617541558,pbft-client,"{""from"":""alice"",""to"":""bob"",""amount"":4}",node13,0,1,1724617544697
commit,1724617541558,pbft-client,"{""from"":""alice"",""to"":""bob"",""amount"":4}",node19,0,1,1724617545233
Reply,1724617541558,pbft-client,"{""from"":""alice"",""to"":""bob"",""amount"":4}",node3,1,1,1724617545350
commit,1724617541558,pbft-client,"{""from"":""alice"",""to"":""bob"",""amount"":4}",node8,0,1,1724617545371
commit,1724617541558,pbft-client,"{""from"":""alice"",""to"":""bob"",""amount"":4}",node16,0,1,1724617545617
commit,1724617541558,pbft-client,"{""from"":""alice"",""to"":""bob"",""amount"":4}",node1,0,1,1724617545721
commit,1724617541558,pbft-client,"{""from"":""alice"",""to"":""bob"",""amount"":4}",node7,0,1,1724617545868
commit,1724617541558,pbft-client,"{""from"":""alice"",""to"":""bob"",""amount"":4}",node12,0,1,1724617546000
commit,1724617541558,pbft-client,"{""from"":""alice"",""to"":""bob"",""amount"":4}",node14,0,1,1724617545952
request,1724617572866,pbft-client,"{""from"":""alice"",""to"":""bob"",""amount"":1000}",pbft-client,0,1,1724617572887
pre-prepare,1724617572866,pbft-client,"{""from"":""alice"",""to"":""bob"",""amount"":1000}",node1,0,1,1724617573030
prepare,1724617572866,pbft-client,"{""from"":""alice"",""to"":""bob"",""amount"":1000}",node4,0,1,1724617573584
prepare,1724617572866,pbft-client,"{""from"":""alice"",""to"":""bob"",""amount"":1000}",node15,0,1,1724617573599
prepare,1724617572866,pbft-client,"{""from"":""alice"",""to"":""bob"",""amount"":1000}",node2,0,1,1724617573644
prepare,1724617572866,pbft-client,"{""from"":""alice"",""to"":""bob"",""amount"":1000}",node8,0,1,1724617573652
prepare,1724617572866,pbft-client,"{""from"":""alice"",""to"":""bob"",""amount"":1000}",node17,0,1,1724617573666
prepare,1724617572866,pbft-client,"{""from"":""alice"",""to"":""bob"",""amount"":1000}",node1,0,1,1724617573620
prepare,1724617572866,pbft-client,"{""from"":""alice"",""to"":""bob"",""amount"":1000}",node9,0,1,1724617573628
prepare,1724617572866,pbft-client,"{""from"":""alice"",""to"":""bob"",""amount"":1000}",node10,0,1,1724617573636
prepare,1724617572866,pbft-client,"{""from"":""alice"",""to"":""bob"",""amount"":1000}",node12,0,1,1724617573681
prepare,1724617572866,pbft-client,"{""from"":""alice"",""to"":""bob"",""amount"":1000}",node3,0,1,1724617573725
prepare,1724617572866,pbft-client,"{""from"":""alice"",""to"":""bob"",""amount"":1000}",node5,0,1,1724617573743
prepare,1724617572866,pbft-client,"{""from"":""alice"",""to"":""bob"",""amount"":1000}",node19,0,1,1724617573735
prepare,1724617572866,pbft-client,"{""from"":""alice"",""to"":""bob"",""amount"":1000}",node14,0,1,1724617574136
prepare,1724617572866,pbft-client,"{""from"":""alice"",""to"":""bob"",""amount"":1000}",node16,0,1,1724617574258
prepare,1724617572866,pbft-client,"{""from"":""alice"",""to"":""bob"",""amount"":1000}",node11,0,1,1724617574287
prepare,1724617572866,pbft-client,"{""from"":""alice"",""to"":""bob"",""amount"":1000}",node7,0,1,1724617574230
prepare,1724617572866,pbft-client,"{""from"":""alice"",""to"":""bob"",""amount"":1000}",node18,0,1,1724617574172
prepare,1724617572866,pbft-client,"{""from"":""alice"",""to"":""bob"",""amount"":1000}",node13,0,1,1724617574195
prepare,1724617572866,pbft-client,"{""from"":""alice"",""to"":""bob"",""amount"":1000}",node6,0,1,1724617574655
commit,1724617572866,pbft-client,"{""from"":""alice"",""to"":""bob"",""amount"":1000}",node10,0,1,1724617574663
commit,1724617572866,pbft-client,"{""from"":""alice"",""to"":""bob"",""amount"":1000}",node11,0,1,1724617574694
commit,1724617572866,pbft-client,"{""from"":""alice"",""to"":""bob"",""amount"":1000}",node3,0,1,1724617574684
commit,1724617572866,pbft-client,"{""from"":""alice"",""to"":""bob"",""amount"":1000}",node4,0,1,1724617574899
commit,1724617572866,pbft-client,"{""from"":""alice"",""to"":""bob"",""amount"":1000}",node1,0,1,1724617574939
commit,1724617572866,pbft-client,"{""from"":""alice"",""to"":""bob"",""amount"":1000}",node16,0,1,1724617574981
commit,1724617572866,pbft-client,"{""from"":""alice"",""to"":""bob"",""amount"":1000}",node12,0,1,1724617575066
commit,1724617572866,pbft-client,"{""from"":""alice"",""to"":""bob"",""amount"":1000}",node2,0,1,1724617575207
commit,1724617572866,pbft-client,"{""from"":""alice"",""to"":""bob"",""amount"":1000}",node9,0,1,1724617575294
commit,1724617572866,pbft-client,"{""from"":""alice"",""to"":""bob"",""amount"":1000}",node14,0,1,1724617575337
commit,1724617572866,pbft-client,"{""from"":""alice"",""to"":""bob"",""amount"":1000}",node7,0,1,1724617575567
commit,1724617572866,pbft-client,"{""from"":""alice"",""to"":""bob"",""amount"":1000}",node15,0,1,1724617575682
commit,1724617572866,pbft-client,"{""from"":""alice"",""to"":""bob"",""amount"":1000}",node18,0,1,1724617575770
commit,1724617572866,pbft-client,"{""from"":""alice"",""to"":""bob"",""amount"":1000}",node13,0,1,1724617575931
commit,1724617572866,pbft-client,"{""from"":""alice"",""to"":""bob"",""amount"":1000}",node5,0,1,1724617576007
commit,1724617572866,pbft-client,"{""from"":""alice"",""to"":""bob"",""amount"":1000}",node19,0,1,1724617576073
commit,1724617572866,pbft-client,"{""from"":""alice"",""to"":""bob"",""amount"":1000}",node8,0,1,1724617576284
commit,1724617572866,pbft-client,"{""from"":""alice"",""to"":""bob"",""amount"":1000}",node17,0,1,1724617576519
commit,1724617572866,pbft-client,"{""from"":""alice"",""to"":""bob"",""amount"":1000}",node6,0,1,1724617576586
request,1724619668309,pbft-client,"{""from"":""alice"",""to"":""bob"",""amount"":4}",pbft-client,0,1,1724619668416
pre-prepare,1724619668309,pbft-client,"{""from"":""alice"",""to"":""bob"",""amount"":4}",node1,0,1,1724619668625
prepare,1724619668309,pbft-client,"{""from"":""alice"",""to"":""bob"",""amount"":4}",node4,0,1,1724619668981
prepare,1724619668309,pbft-client,"{""from"":""alice"",""to"":""bob"",""amount"":4}",node3,0,1,1724619668993
prepare,1724619668309,pbft-client,"{""from"":""alice"",""to"":""bob"",""amount"":4}",node14,0,1,1724619669096
prepare,1724619668309,pbft-client,"{""from"":""alice"",""to"":""bob"",""amount"":4}",node9,0,1,1724619669183
prepare,1724619668309,pbft-client,"{""from"":""alice"",""to"":""bob"",""amount"":4}",node20,0,1,1724619669217
prepare,1724619668309,pbft-client,"{""from"":""alice"",""to"":""bob"",""amount"":4}",node6,0,1,1724619669460
prepare,1724619668309,pbft-client,"{""from"":""alice"",""to"":""bob"",""amount"":4}",node12,0,1,1724619669560
prepare,1724619668309,pbft-client,"{""from"":""alice"",""to"":""bob"",""amount"":4}",node5,0,1,1724619669997
prepare,1724619668309,pbft-client,"{""from"":""alice"",""to"":""bob"",""amount"":4}",node18,0,1,1724619670110
prepare,1724619668309,pbft-client,"{""from"":""alice"",""to"":""bob"",""amount"":4}",node2,0,1,1724619670594
prepare,1724619668309,pbft-client,"{""from"":""alice"",""to"":""bob"",""amount"":4}",node17,0,1,1724619670715
prepare,1724619668309,pbft-client,"{""from"":""alice"",""to"":""bob"",""amount"":4}",node21,0,1,1724619671668
prepare,1724619668309,pbft-client,"{""from"":""alice"",""to"":""bob"",""amount"":4}",node1,0,1,1724619670225
prepare,1724619668309,pbft-client,"{""from"":""alice"",""to"":""bob"",""amount"":4}",node13,0,1,1724619671867
prepare,1724619668309,pbft-client,"{""from"":""alice"",""to"":""bob"",""amount"":4}",node10,0,1,1724619670524
prepare,1724619668309,pbft-client,"{""from"":""alice"",""to"":""bob"",""amount"":4}",node11,0,1,1724619671737
prepare,1724619668309,pbft-client,"{""from"":""alice"",""to"":""bob"",""amount"":4}",node8,0,1,1724619670367
prepare,1724619668309,pbft-client,"{""from"":""alice"",""to"":""bob"",""amount"":4}",node22,0,1,1724619672099
commit,1724619668309,pbft-client,"{""from"":""alice"",""to"":""bob"",""amount"":4}",node9,0,1,1724619673443
commit,1724619668309,pbft-client,"{""from"":""alice"",""to"":""bob"",""amount"":4}",node4,0,1,1724619673425
commit,1724619668309,pbft-client,"{""from"":""alice"",""to"":""bob"",""amount"":4}",node20,0,1,1724619673436
prepare,1724619668309,pbft-client,"{""from"":""alice"",""to"":""bob"",""amount"":4}",node15,0,1,1724619673415
commit,1724619668309,pbft-client,"{""from"":""alice"",""to"":""bob"",""amount"":4}",node18,0,1,1724619673606
commit,1724619668309,pbft-client,"{""from"":""alice"",""to"":""bob"",""amount"":4}",node12,0,1,1724619673617
commit,1724619668309,pbft-client,"{""from"":""alice"",""to"":""bob"",""amount"":4}",node21,0,1,1724619673627
commit,1724619668309,pbft-client,"{""from"":""alice"",""to"":""bob"",""amount"":4}",node15,0,1,1724619673641
commit,1724619668309,pbft-client,"{""from"":""alice"",""to"":""bob"",""amount"":4}",node13,0,1,1724619673652
commit,1724619668309,pbft-client,"{""from"":""alice"",""to"":""bob"",""amount"":4}",node1,0,1,1724619673666
commit,1724619668309,pbft-client,"{""from"":""alice"",""to"":""bob"",""amount"":4}",node14,0,1,1724619673683
commit,1724619668309,pbft-client,"{""from"":""alice"",""to"":""bob"",""amount"":4}",node17,0,1,1724619673726
commit,1724619668309,pbft-client,"{""from"":""alice"",""to"":""bob"",""amount"":4}",node6,0,1,1724619673466
commit,1724619668309,pbft-client,"{""from"":""alice"",""to"":""bob"",""amount"":4}",node10,0,1,1724619673824
commit,1724619668309,pbft-client,"{""from"":""alice"",""to"":""bob"",""amount"":4}",node11,0,1,1724619673883
commit,1724619668309,pbft-client,"{""from"":""alice"",""to"":""bob"",""amount"":4}",node2,0,1,1724619673455
commit,1724619668309,pbft-client,"{""from"":""alice"",""to"":""bob"",""amount"":4}",node8,0,1,1724619673780
commit,1724619668309,pbft-client,"{""from"":""alice"",""to"":""bob"",""amount"":4}",node5,0,1,1724619673543
commit,1724619668309,pbft-client,"{""from"":""alice"",""to"":""bob"",""amount"":4}",node3,0,1,1724619674021
commit,1724619668309,pbft-client,"{""from"":""alice"",""to"":""bob"",""amount"":4}",node22,0,1,1724619674129
Reply,1724619668309,pbft-client,"{""from"":""alice"",""to"":""bob"",""amount"":4}",node3,1,1,1724619674958
request,1724619791679,pbft-client,"{""from"":""alice"",""to"":""bob"",""amount"":4}",pbft-client,0,1,1724619791722
pre-prepare,1724619791679,pbft-client,"{""from"":""alice"",""to"":""bob"",""amount"":4}",node1,0,1,1724619791883
prepare,1724619791679,pbft-client,"{""from"":""alice"",""to"":""bob"",""amount"":4}",node1,0,1,1724619792430
prepare,1724619791679,pbft-client,"{""from"":""alice"",""to"":""bob"",""amount"":4}",node6,0,1,1724619792485
prepare,1724619791679,pbft-client,"{""from"":""alice"",""to"":""bob"",""amount"":4}",node11,0,1,1724619792730
prepare,1724619791679,pbft-client,"{""from"":""alice"",""to"":""bob"",""amount"":4}",node20,0,1,1724619792799
prepare,1724619791679,pbft-client,"{""from"":""alice"",""to"":""bob"",""amount"":4}",node12,0,1,1724619792941
prepare,1724619791679,pbft-client,"{""from"":""alice"",""to"":""bob"",""amount"":4}",node18,0,1,1724619792633
prepare,1724619791679,pbft-client,"{""from"":""alice"",""to"":""bob"",""amount"":4}",node15,0,1,1724619792864
prepare,1724619791679,pbft-client,"{""from"":""alice"",""to"":""bob"",""amount"":4}",node22,0,1,1724619792569
prepare,1724619791679,pbft-client,"{""from"":""alice"",""to"":""bob"",""amount"":4}",node3,0,1,1724619793979
prepare,1724619791679,pbft-client,"{""from"":""alice"",""to"":""bob"",""amount"":4}",node8,0,1,1724619794440
prepare,1724619791679,pbft-client,"{""from"":""alice"",""to"":""bob"",""amount"":4}",node14,0,1,1724619794501
prepare,1724619791679,pbft-client,"{""from"":""alice"",""to"":""bob"",""amount"":4}",node17,0,1,1724619794050
prepare,1724619791679,pbft-client,"{""from"":""alice"",""to"":""bob"",""amount"":4}",node4,0,1,1724619795509
prepare,1724619791679,pbft-client,"{""from"":""alice"",""to"":""bob"",""amount"":4}",node10,0,1,1724619794676
prepare,1724619791679,pbft-client,"{""from"":""alice"",""to"":""bob"",""amount"":4}",node13,0,1,1724619795529
prepare,1724619791679,pbft-client,"{""from"":""alice"",""to"":""bob"",""amount"":4}",node9,0,1,1724619794565
prepare,1724619791679,pbft-client,"{""from"":""alice"",""to"":""bob"",""amount"":4}",node5,0,1,1724619795541
prepare,1724619791679,pbft-client,"{""from"":""alice"",""to"":""bob"",""amount"":4}",node2,0,1,1724619795481
prepare,1724619791679,pbft-client,"{""from"":""alice"",""to"":""bob"",""amount"":4}",node21,0,1,1724619795518
commit,1724619791679,pbft-client,"{""from"":""alice"",""to"":""bob"",""amount"":4}",node10,0,1,1724619796318
commit,1724619791679,pbft-client,"{""from"":""alice"",""to"":""bob"",""amount"":4}",node5,0,1,1724619796669
commit,1724619791679,pbft-client,"{""from"":""alice"",""to"":""bob"",""amount"":4}",node9,0,1,1724619796644
commit,1724619791679,pbft-client,"{""from"":""alice"",""to"":""bob"",""amount"":4}",node13,0,1,1724619796692
commit,1724619791679,pbft-client,"{""from"":""alice"",""to"":""bob"",""amount"":4}",node4,0,1,1724619796748
commit,1724619791679,pbft-client,"{""from"":""alice"",""to"":""bob"",""amount"":4}",node8,0,1,1724619796793
commit,1724619791679,pbft-client,"{""from"":""alice"",""to"":""bob"",""amount"":4}",node1,0,1,1724619796658
commit,1724619791679,pbft-client,"{""from"":""alice"",""to"":""bob"",""amount"":4}",node22,0,1,1724619796848
commit,1724619791679,pbft-client,"{""from"":""alice"",""to"":""bob"",""amount"":4}",node15,0,1,1724619796866
commit,1724619791679,pbft-client,"{""from"":""alice"",""to"":""bob"",""amount"":4}",node6,0,1,1724619796893
commit,1724619791679,pbft-client,"{""from"":""alice"",""to"":""bob"",""amount"":4}",node20,0,1,1724619796927
commit,1724619791679,pbft-client,"{""from"":""alice"",""to"":""bob"",""amount"":4}",node2,0,1,1724619796306
commit,1724619791679,pbft-client,"{""from"":""alice"",""to"":""bob"",""amount"":4}",node11,0,1,1724619796682
commit,1724619791679,pbft-client,"{""from"":""alice"",""to"":""bob"",""amount"":4}",node18,0,1,1724619796830
commit,1724619791679,pbft-client,"{""from"":""alice"",""to"":""bob"",""amount"":4}",node3,0,1,1724619797158
commit,1724619791679,pbft-client,"{""from"":""alice"",""to"":""bob"",""amount"":4}",node14,0,1,1724619797201
commit,1724619791679,pbft-client,"{""from"":""alice"",""to"":""bob"",""amount"":4}",node12,0,1,1724619797211
commit,1724619791679,pbft-client,"{""from"":""alice"",""to"":""bob"",""amount"":4}",node17,0,1,1724619797067
commit,1724619791679,pbft-client,"{""from"":""alice"",""to"":""bob"",""amount"":4}",node21,0,1,1724619797658
Reply,1724619791679,pbft-client,"{""from"":""alice"",""to"":""bob"",""amount"":4}",node3,1,1,1724619797850
request,1724619813467,pbft-client,"{""from"":""alice"",""to"":""bob"",""amount"":4}",pbft-client,0,1,1724619813497
pre-prepare,1724619813467,pbft-client,"{""from"":""alice"",""to"":""bob"",""amount"":4}",node1,0,1,1724619813640
prepare,1724619813467,pbft-client,"{""from"":""alice"",""to"":""bob"",""amount"":4}",node22,0,1,1724619814188
prepare,1724619813467,pbft-client,"{""from"":""alice"",""to"":""bob"",""amount"":4}",node14,0,1,1724619814487
prepare,1724619813467,pbft-client,"{""from"":""alice"",""to"":""bob"",""amount"":4}",node12,0,1,1724619814558
prepare,1724619813467,pbft-client,"{""from"":""alice"",""to"":""bob"",""amount"":4}",node6,0,1,1724619814440
prepare,1724619813467,pbft-client,"{""from"":""alice"",""to"":""bob"",""amount"":4}",node20,0,1,1724619814255
prepare,1724619813467,pbft-client,"{""from"":""alice"",""to"":""bob"",""amount"":4}",node21,0,1,1724619814331
prepare,1724619813467,pbft-client,"{""from"":""alice"",""to"":""bob"",""amount"":4}",node3,0,1,1724619814764
prepare,1724619813467,pbft-client,"{""from"":""alice"",""to"":""bob"",""amount"":4}",node1,0,1,1724619814814
prepare,1724619813467,pbft-client,"{""from"":""alice"",""to"":""bob"",""amount"":4}",node5,0,1,1724619815111
prepare,1724619813467,pbft-client,"{""from"":""alice"",""to"":""bob"",""amount"":4}",node4,0,1,1724619815075
prepare,1724619813467,pbft-client,"{""from"":""alice"",""to"":""bob"",""amount"":4}",node13,0,1,1724619815131
prepare,1724619813467,pbft-client,"{""from"":""alice"",""to"":""bob"",""amount"":4}",node15,0,1,1724619815264
prepare,1724619813467,pbft-client,"{""from"":""alice"",""to"":""bob"",""amount"":4}",node17,0,1,1724619815280
prepare,1724619813467,pbft-client,"{""from"":""alice"",""to"":""bob"",""amount"":4}",node18,0,1,1724619815291
prepare,1724619813467,pbft-client,"{""from"":""alice"",""to"":""bob"",""amount"":4}",node11,0,1,1724619815300
prepare,1724619813467,pbft-client,"{""from"":""alice"",""to"":""bob"",""amount"":4}",node9,0,1,1724619815064
prepare,1724619813467,pbft-client,"{""from"":""alice"",""to"":""bob"",""amount"":4}",node8,0,1,1724619815123
prepare,1724619813467,pbft-client,"{""from"":""alice"",""to"":""bob"",""amount"":4}",node10,0,1,1724619815091
prepare,1724619813467,pbft-client,"{""from"":""alice"",""to"":""bob"",""amount"":4}",node2,0,1,1724619815978
commit,1724619813467,pbft-client,"{""from"":""alice"",""to"":""bob"",""amount"":4}",node3,0,1,1724619816016
commit,1724619813467,pbft-client,"{""from"":""alice"",""to"":""bob"",""amount"":4}",node1,0,1,1724619816036
commit,1724619813467,pbft-client,"{""from"":""alice"",""to"":""bob"",""amount"":4}",node17,0,1,1724619816070
commit,1724619813467,pbft-client,"{""from"":""alice"",""to"":""bob"",""amount"":4}",node11,0,1,1724619816263
commit,1724619813467,pbft-client,"{""from"":""alice"",""to"":""bob"",""amount"":4}",node13,0,1,1724619816355
commit,1724619813467,pbft-client,"{""from"":""alice"",""to"":""bob"",""amount"":4}",node21,0,1,1724619816398
commit,1724619813467,pbft-client,"{""from"":""alice"",""to"":""bob"",""amount"":4}",node5,0,1,1724619816442
commit,1724619813467,pbft-client,"{""from"":""alice"",""to"":""bob"",""amount"":4}",node18,0,1,1724619816533
commit,1724619813467,pbft-client,"{""from"":""alice"",""to"":""bob"",""amount"":4}",node20,0,1,1724619816646
commit,1724619813467,pbft-client,"{""from"":""alice"",""to"":""bob"",""amount"":4}",node14,0,1,1724619816769
commit,1724619813467,pbft-client,"{""from"":""alice"",""to"":""bob"",""amount"":4}",node10,0,1,1724619816875
commit,1724619813467,pbft-client,"{""from"":""alice"",""to"":""bob"",""amount"":4}",node8,0,1,1724619817087
commit,1724619813467,pbft-client,"{""from"":""alice"",""to"":""bob"",""amount"":4}",node9,0,1,1724619817205
commit,1724619813467,pbft-client,"{""from"":""alice"",""to"":""bob"",""amount"":4}",node12,0,1,1724619817346
commit,1724619813467,pbft-client,"{""from"":""alice"",""to"":""bob"",""amount"":4}",node15,0,1,1724619817575
commit,1724619813467,pbft-client,"{""from"":""alice"",""to"":""bob"",""amount"":4}",node22,0,1,1724619817703
commit,1724619813467,pbft-client,"{""from"":""alice"",""to"":""bob"",""amount"":4}",node6,0,1,1724619817916
Reply,1724619813467,pbft-client,"{""from"":""alice"",""to"":""bob"",""amount"":4}",node3,1,1,1724619817987
commit,1724619813467,pbft-client,"{""from"":""alice"",""to"":""bob"",""amount"":4}",node4,0,1,1724619818511
commit,1724619813467,pbft-client,"{""from"":""alice"",""to"":""bob"",""amount"":4}",node2,0,1,1724619818956
request,1724619831533,pbft-client,"{""from"":""alice"",""to"":""bob"",""amount"":4}",pbft-client,0,1,1724619831569
pre-prepare,1724619831533,pbft-client,"{""from"":""alice"",""to"":""bob"",""amount"":4}",node1,0,1,1724619831706
prepare,1724619831533,pbft-client,"{""from"":""alice"",""to"":""bob"",""amount"":4}",node11,0,1,1724619831926
prepare,1724619831533,pbft-client,"{""from"":""alice"",""to"":""bob"",""amount"":4}",node3,0,1,1724619832031
prepare,1724619831533,pbft-client,"{""from"":""alice"",""to"":""bob"",""amount"":4}",node21,0,1,1724619832230
prepare,1724619831533,pbft-client,"{""from"":""alice"",""to"":""bob"",""amount"":4}",node2,0,1,1724619832303
prepare,1724619831533,pbft-client,"{""from"":""alice"",""to"":""bob"",""amount"":4}",node14,0,1,1724619832401
prepare,1724619831533,pbft-client,"{""from"":""alice"",""to"":""bob"",""amount"":4}",node6,0,1,1724619832446
prepare,1724619831533,pbft-client,"{""from"":""alice"",""to"":""bob"",""amount"":4}",node1,0,1,1724619832482
prepare,1724619831533,pbft-client,"{""from"":""alice"",""to"":""bob"",""amount"":4}",node8,0,1,1724619832813
prepare,1724619831533,pbft-client,"{""from"":""alice"",""to"":""bob"",""amount"":4}",node18,0,1,1724619832753
prepare,1724619831533,pbft-client,"{""from"":""alice"",""to"":""bob"",""amount"":4}",node20,0,1,1724619833050
prepare,1724619831533,pbft-client,"{""from"":""alice"",""to"":""bob"",""amount"":4}",node12,0,1,1724619833130
prepare,1724619831533,pbft-client,"{""from"":""alice"",""to"":""bob"",""amount"":4}",node4,0,1,1724619833146
prepare,1724619831533,pbft-client,"{""from"":""alice"",""to"":""bob"",""amount"":4}",node22,0,1,1724619833487
prepare,1724619831533,pbft-client,"{""from"":""alice"",""to"":""bob"",""amount"":4}",node9,0,1,1724619833167
prepare,1724619831533,pbft-client,"{""from"":""alice"",""to"":""bob"",""amount"":4}",node15,0,1,1724619833477
prepare,1724619831533,pbft-client,"{""from"":""alice"",""to"":""bob"",""amount"":4}",node17,0,1,1724619833155
prepare,1724619831533,pbft-client,"{""from"":""alice"",""to"":""bob"",""amount"":4}",node5,0,1,1724619834597
prepare,1724619831533,pbft-client,"{""from"":""alice"",""to"":""bob"",""amount"":4}",node10,0,1,1724619834700
commit,1724619831533,pbft-client,"{""from"":""alice"",""to"":""bob"",""amount"":4}",node9,0,1,1724619834712
commit,1724619831533,pbft-client,"{""from"":""alice"",""to"":""bob"",""amount"":4}",node20,0,1,1724619834729
commit,1724619831533,pbft-client,"{""from"":""alice"",""to"":""bob"",""amount"":4}",node1,0,1,1724619834670
commit,1724619831533,pbft-client,"{""from"":""alice"",""to"":""bob"",""amount"":4}",node2,0,1,1724619834757
commit,1724619831533,pbft-client,"{""from"":""alice"",""to"":""bob"",""amount"":4}",node12,0,1,1724619834765
commit,1724619831533,pbft-client,"{""from"":""alice"",""to"":""bob"",""amount"":4}",node15,0,1,1724619834778
prepare,1724619831533,pbft-client,"{""from"":""alice"",""to"":""bob"",""amount"":4}",node13,0,1,1724619834689
commit,1724619831533,pbft-client,"{""from"":""alice"",""to"":""bob"",""amount"":4}",node13,0,1,1724619834746
commit,1724619831533,pbft-client,"{""from"":""alice"",""to"":""bob"",""amount"":4}",node6,0,1,1724619834680
commit,1724619831533,pbft-client,"{""from"":""alice"",""to"":""bob"",""amount"":4}",node8,0,1,1724619834841
commit,1724619831533,pbft-client,"{""from"":""alice"",""to"":""bob"",""amount"":4}",node3,0,1,1724619834852
commit,1724619831533,pbft-client,"{""from"":""alice"",""to"":""bob"",""amount"":4}",node18,0,1,1724619834866
commit,1724619831533,pbft-client,"{""from"":""alice"",""to"":""bob"",""amount"":4}",node5,0,1,1724619834879
commit,1724619831533,pbft-client,"{""from"":""alice"",""to"":""bob"",""amount"":4}",node22,0,1,1724619835600
commit,1724619831533,pbft-client,"{""from"":""alice"",""to"":""bob"",""amount"":4}",node11,0,1,1724619835727
commit,1724619831533,pbft-client,"{""from"":""alice"",""to"":""bob"",""amount"":4}",node10,0,1,1724619835804
commit,1724619831533,pbft-client,"{""from"":""alice"",""to"":""bob"",""amount"":4}",node4,0,1,1724619835821
commit,1724619831533,pbft-client,"{""from"":""alice"",""to"":""bob"",""amount"":4}",node14,0,1,1724619835872
commit,1724619831533,pbft-client,"{""from"":""alice"",""to"":""bob"",""amount"":4}",node21,0,1,1724619836021
Reply,1724619831533,pbft-client,"{""from"":""alice"",""to"":""bob"",""amount"":4}",node3,1,1,1724619836241
commit,1724619831533,pbft-client,"{""from"":""alice"",""to"":""bob"",""amount"":4}",node17,0,1,1724619836711
request,1724619857628,pbft-client,"{""from"":""alice"",""to"":""bob"",""amount"":4}",pbft-client,0,1,1724619857665
pre-prepare,1724619857628,pbft-client,"{""from"":""alice"",""to"":""bob"",""amount"":4}",node1,0,1,1724619857799
prepare,1724619857628,pbft-client,"{""from"":""alice"",""to"":""bob"",""amount"":4}",node22,0,1,1724619858633
prepare,1724619857628,pbft-client,"{""from"":""alice"",""to"":""bob"",""amount"":4}",node13,0,1,1724619858681
prepare,1724619857628,pbft-client,"{""from"":""alice"",""to"":""bob"",""amount"":4}",node15,0,1,1724619858732
prepare,1724619857628,pbft-client,"{""from"":""alice"",""to"":""bob"",""amount"":4}",node4,0,1,1724619858562
prepare,1724619857628,pbft-client,"{""from"":""alice"",""to"":""bob"",""amount"":4}",node5,0,1,1724619858904
prepare,1724619857628,pbft-client,"{""from"":""alice"",""to"":""bob"",""amount"":4}",node12,0,1,1724619858944
prepare,1724619857628,pbft-client,"{""from"":""alice"",""to"":""bob"",""amount"":4}",node3,0,1,1724619858959
prepare,1724619857628,pbft-client,"{""from"":""alice"",""to"":""bob"",""amount"":4}",node8,0,1,1724619858975
prepare,1724619857628,pbft-client,"{""from"":""alice"",""to"":""bob"",""amount"":4}",node14,0,1,1724619859007
prepare,1724619857628,pbft-client,"{""from"":""alice"",""to"":""bob"",""amount"":4}",node2,0,1,1724619859204
prepare,1724619857628,pbft-client,"{""from"":""alice"",""to"":""bob"",""amount"":4}",node6,0,1,1724619859299
prepare,1724619857628,pbft-client,"{""from"":""alice"",""to"":""bob"",""amount"":4}",node11,0,1,1724619859160
prepare,1724619857628,pbft-client,"{""from"":""alice"",""to"":""bob"",""amount"":4}",node18,0,1,1724619859019
prepare,1724619857628,pbft-client,"{""from"":""alice"",""to"":""bob"",""amount"":4}",node10,0,1,1724619859067
prepare,1724619857628,pbft-client,"{""from"":""alice"",""to"":""bob"",""amount"":4}",node9,0,1,1724619860602
prepare,1724619857628,pbft-client,"{""from"":""alice"",""to"":""bob"",""amount"":4}",node20,0,1,1724619860687
prepare,1724619857628,pbft-client,"{""from"":""alice"",""to"":""bob"",""amount"":4}",node17,0,1,1724619860778
prepare,1724619857628,pbft-client,"{""from"":""alice"",""to"":""bob"",""amount"":4}",node21,0,1,1724619860990
prepare,1724619857628,pbft-client,"{""from"":""alice"",""to"":""bob"",""amount"":4}",node1,0,1,1724619860965
commit,1724619857628,pbft-client,"{""from"":""alice"",""to"":""bob"",""amount"":4}",node21,0,1,1724619861262
commit,1724619857628,pbft-client,"{""from"":""alice"",""to"":""bob"",""amount"":4}",node12,0,1,1724619861272
commit,1724619857628,pbft-client,"{""from"":""alice"",""to"":""bob"",""amount"":4}",node11,0,1,1724619861319
commit,1724619857628,pbft-client,"{""from"":""alice"",""to"":""bob"",""amount"":4}",node2,0,1,1724619861378
commit,1724619857628,pbft-client,"{""from"":""alice"",""to"":""bob"",""amount"":4}",node17,0,1,1724619861390
commit,1724619857628,pbft-client,"{""from"":""alice"",""to"":""bob"",""amount"":4}",node4,0,1,1724619861399
commit,1724619857628,pbft-client,"{""from"":""alice"",""to"":""bob"",""amount"":4}",node13,0,1,1724619861223
commit,1724619857628,pbft-client,"{""from"":""alice"",""to"":""bob"",""amount"":4}",node14,0,1,1724619861244
commit,1724619857628,pbft-client,"{""from"":""alice"",""to"":""bob"",""amount"":4}",node18,0,1,1724619861449
commit,1724619857628,pbft-client,"{""from"":""alice"",""to"":""bob"",""amount"":4}",node22,0,1,1724619861254
commit,1724619857628,pbft-client,"{""from"":""alice"",""to"":""bob"",""amount"":4}",node10,0,1,1724619861465
commit,1724619857628,pbft-client,"{""from"":""alice"",""to"":""bob"",""amount"":4}",node20,0,1,1724619861442
commit,1724619857628,pbft-client,"{""from"":""alice"",""to"":""bob"",""amount"":4}",node5,0,1,1724619861457
commit,1724619857628,pbft-client,"{""from"":""alice"",""to"":""bob"",""amount"":4}",node6,0,1,1724619861433
commit,1724619857628,pbft-client,"{""from"":""alice"",""to"":""bob"",""amount"":4}",node9,0,1,1724619861706
commit,1724619857628,pbft-client,"{""from"":""alice"",""to"":""bob"",""amount"":4}",node3,0,1,1724619861768
commit,1724619857628,pbft-client,"{""from"":""alice"",""to"":""bob"",""amount"":4}",node15,0,1,1724619861809
commit,1724619857628,pbft-client,"{""from"":""alice"",""to"":""bob"",""amount"":4}",node8,0,1,1724619862098
commit,1724619857628,pbft-client,"{""from"":""alice"",""to"":""bob"",""amount"":4}",node1,0,1,1724619862089
Reply,1724619857628,pbft-client,"{""from"":""alice"",""to"":""bob"",""amount"":4}",node3,1,1,1724619862482
request,1724620045098,pbft-client,"{""from"":""alice"",""to"":""bob"",""amount"":4}",pbft-client,0,1,1724620045168
pre-prepare,1724620045098,pbft-client,"{""from"":""alice"",""to"":""bob"",""amount"":4}",node1,0,1,1724620045408
prepare,1724620045098,pbft-client,"{""from"":""alice"",""to"":""bob"",""amount"":4}",node2,0,1,1724620045772
prepare,1724620045098,pbft-client,"{""from"":""alice"",""to"":""bob"",""amount"":4}",node3,0,1,1724620045783
prepare,1724620045098,pbft-client,"{""from"":""alice"",""to"":""bob"",""amount"":4}",node1,0,1,1724620045930
prepare,1724620045098,pbft-client,"{""from"":""alice"",""to"":""bob"",""amount"":4}",node14,0,1,1724620046108
prepare,1724620045098,pbft-client,"{""from"":""alice"",""to"":""bob"",""amount"":4}",node23,0,1,1724620046188
prepare,1724620045098,pbft-client,"{""from"":""alice"",""to"":""bob"",""amount"":4}",node24,0,1,1724620046291
prepare,1724620045098,pbft-client,"{""from"":""alice"",""to"":""bob"",""amount"":4}",node13,0,1,1724620046456
prepare,1724620045098,pbft-client,"{""from"":""alice"",""to"":""bob"",""amount"":4}",node6,0,1,1724620046612
prepare,1724620045098,pbft-client,"{""from"":""alice"",""to"":""bob"",""amount"":4}",node25,0,1,1724620046892
prepare,1724620045098,pbft-client,"{""from"":""alice"",""to"":""bob"",""amount"":4}",node5,0,1,1724620046809
prepare,1724620045098,pbft-client,"{""from"":""alice"",""to"":""bob"",""amount"":4}",node8,0,1,1724620046756
prepare,1724620045098,pbft-client,"{""from"":""alice"",""to"":""bob"",""amount"":4}",node7,0,1,1724620047254
prepare,1724620045098,pbft-client,"{""from"":""alice"",""to"":""bob"",""amount"":4}",node10,0,1,1724620047368
prepare,1724620045098,pbft-client,"{""from"":""alice"",""to"":""bob"",""amount"":4}",node9,0,1,1724620047428
prepare,1724620045098,pbft-client,"{""from"":""alice"",""to"":""bob"",""amount"":4}",node20,0,1,1724620047682
prepare,1724620045098,pbft-client,"{""from"":""alice"",""to"":""bob"",""amount"":4}",node4,0,1,1724620047761
prepare,1724620045098,pbft-client,"{""from"":""alice"",""to"":""bob"",""amount"":4}",node11,0,1,1724620048749
prepare,1724620045098,pbft-client,"{""from"":""alice"",""to"":""bob"",""amount"":4}",node22,0,1,1724620048768
prepare,1724620045098,pbft-client,"{""from"":""alice"",""to"":""bob"",""amount"":4}",node18,0,1,1724620048759
commit,1724620045098,pbft-client,"{""from"":""alice"",""to"":""bob"",""amount"":4}",node7,0,1,1724620048847
commit,1724620045098,pbft-client,"{""from"":""alice"",""to"":""bob"",""amount"":4}",node1,0,1,1724620049162
commit,1724620045098,pbft-client,"{""from"":""alice"",""to"":""bob"",""amount"":4}",node10,0,1,1724620049295
commit,1724620045098,pbft-client,"{""from"":""alice"",""to"":""bob"",""amount"":4}",node14,0,1,1724620049189
prepare,1724620045098,pbft-client,"{""from"":""alice"",""to"":""bob"",""amount"":4}",node19,0,1,1724620049287
commit,1724620045098,pbft-client,"{""from"":""alice"",""to"":""bob"",""amount"":4}",node8,0,1,1724620049175
commit,1724620045098,pbft-client,"{""from"":""alice"",""to"":""bob"",""amount"":4}",node18,0,1,1724620049460
commit,1724620045098,pbft-client,"{""from"":""alice"",""to"":""bob"",""amount"":4}",node22,0,1,1724620049494
commit,1724620045098,pbft-client,"{""from"":""alice"",""to"":""bob"",""amount"":4}",node13,0,1,1724620049486
commit,1724620045098,pbft-client,"{""from"":""alice"",""to"":""bob"",""amount"":4}",node23,0,1,1724620049503
commit,1724620045098,pbft-client,"{""from"":""alice"",""to"":""bob"",""amount"":4}",node3,0,1,1724620049446
commit,1724620045098,pbft-client,"{""from"":""alice"",""to"":""bob"",""amount"":4}",node5,0,1,1724620049898
commit,1724620045098,pbft-client,"{""from"":""alice"",""to"":""bob"",""amount"":4}",node2,0,1,1724620050568
commit,1724620045098,pbft-client,"{""from"":""alice"",""to"":""bob"",""amount"":4}",node25,0,1,1724620050828
commit,1724620045098,pbft-client,"{""from"":""alice"",""to"":""bob"",""amount"":4}",node20,0,1,1724620050986
commit,1724620045098,pbft-client,"{""from"":""alice"",""to"":""bob"",""amount"":4}",node9,0,1,1724620051041
commit,1724620045098,pbft-client,"{""from"":""alice"",""to"":""bob"",""amount"":4}",node24,0,1,1724620051333
commit,1724620045098,pbft-client,"{""from"":""alice"",""to"":""bob"",""amount"":4}",node4,0,1,1724620051798
Reply,1724620045098,pbft-client,"{""from"":""alice"",""to"":""bob"",""amount"":4}",node3,1,1,1724620051944
commit,1724620045098,pbft-client,"{""from"":""alice"",""to"":""bob"",""amount"":4}",node11,0,1,1724620052742
commit,1724620045098,pbft-client,"{""from"":""alice"",""to"":""bob"",""amount"":4}",node19,0,1,1724620053244
commit,1724620045098,pbft-client,"{""from"":""alice"",""to"":""bob"",""amount"":4}",node6,0,1,1724620054022
request,1724620095784,pbft-client,"{""from"":""alice"",""to"":""bob"",""amount"":4}",pbft-client,0,1,1724620095858
pre-prepare,1724620095784,pbft-client,"{""from"":""alice"",""to"":""bob"",""amount"":4}",node1,0,1,1724620096029
prepare,1724620095784,pbft-client,"{""from"":""alice"",""to"":""bob"",""amount"":4}",node2,0,1,1724620096848
prepare,1724620095784,pbft-client,"{""from"":""alice"",""to"":""bob"",""amount"":4}",node8,0,1,1724620096879
prepare,1724620095784,pbft-client,"{""from"":""alice"",""to"":""bob"",""amount"":4}",node4,0,1,1724620096887
prepare,1724620095784,pbft-client,"{""from"":""alice"",""to"":""bob"",""amount"":4}",node25,0,1,1724620096871
prepare,1724620095784,pbft-client,"{""from"":""alice"",""to"":""bob"",""amount"":4}",node10,0,1,1724620096856
prepare,1724620095784,pbft-client,"{""from"":""alice"",""to"":""bob"",""amount"":4}",node23,0,1,1724620096864
prepare,1724620095784,pbft-client,"{""from"":""alice"",""to"":""bob"",""amount"":4}",node20,0,1,1724620096927
prepare,1724620095784,pbft-client,"{""from"":""alice"",""to"":""bob"",""amount"":4}",node7,0,1,1724620096937
prepare,1724620095784,pbft-client,"{""from"":""alice"",""to"":""bob"",""amount"":4}",node3,0,1,1724620096951
prepare,1724620095784,pbft-client,"{""from"":""alice"",""to"":""bob"",""amount"":4}",node5,0,1,1724620096917
prepare,1724620095784,pbft-client,"{""from"":""alice"",""to"":""bob"",""amount"":4}",node19,0,1,1724620096896
prepare,1724620095784,pbft-client,"{""from"":""alice"",""to"":""bob"",""amount"":4}",node13,0,1,1724620096978
prepare,1724620095784,pbft-client,"{""from"":""alice"",""to"":""bob"",""amount"":4}",node6,0,1,1724620096840
prepare,1724620095784,pbft-client,"{""from"":""alice"",""to"":""bob"",""amount"":4}",node18,0,1,1724620097896
prepare,1724620095784,pbft-client,"{""from"":""alice"",""to"":""bob"",""amount"":4}",node24,0,1,1724620096903
prepare,1724620095784,pbft-client,"{""from"":""alice"",""to"":""bob"",""amount"":4}",node14,0,1,1724620096960
prepare,1724620095784,pbft-client,"{""from"":""alice"",""to"":""bob"",""amount"":4}",node9,0,1,1724620096969
prepare,1724620095784,pbft-client,"{""from"":""alice"",""to"":""bob"",""amount"":4}",node1,0,1,1724620098432
prepare,1724620095784,pbft-client,"{""from"":""alice"",""to"":""bob"",""amount"":4}",node22,0,1,1724620098275
prepare,1724620095784,pbft-client,"{""from"":""alice"",""to"":""bob"",""amount"":4}",node11,0,1,1724620099037
commit,1724620095784,pbft-client,"{""from"":""alice"",""to"":""bob"",""amount"":4}",node4,0,1,1724620099268
commit,1724620095784,pbft-client,"{""from"":""alice"",""to"":""bob"",""amount"":4}",node1,0,1,1724620099328
commit,1724620095784,pbft-client,"{""from"":""alice"",""to"":""bob"",""amount"":4}",node14,0,1,1724620099692
commit,1724620095784,pbft-client,"{""from"":""alice"",""to"":""bob"",""amount"":4}",node2,0,1,1724620099490
commit,1724620095784,pbft-client,"{""from"":""alice"",""to"":""bob"",""amount"":4}",node10,0,1,1724620099580
commit,1724620095784,pbft-client,"{""from"":""alice"",""to"":""bob"",""amount"":4}",node3,0,1,1724620099420
commit,1724620095784,pbft-client,"{""from"":""alice"",""to"":""bob"",""amount"":4}",node5,0,1,1724620100785
commit,1724620095784,pbft-client,"{""from"":""alice"",""to"":""bob"",""amount"":4}",node20,0,1,1724620100749
commit,1724620095784,pbft-client,"{""from"":""alice"",""to"":""bob"",""amount"":4}",node6,0,1,1724620100958
commit,1724620095784,pbft-client,"{""from"":""alice"",""to"":""bob"",""amount"":4}",node23,0,1,1724620100997
commit,1724620095784,pbft-client,"{""from"":""alice"",""to"":""bob"",""amount"":4}",node8,0,1,1724620101036
commit,1724620095784,pbft-client,"{""from"":""alice"",""to"":""bob"",""amount"":4}",node24,0,1,1724620100990
commit,1724620095784,pbft-client,"{""from"":""alice"",""to"":""bob"",""amount"":4}",node18,0,1,1724620100949
commit,1724620095784,pbft-client,"{""from"":""alice"",""to"":""bob"",""amount"":4}",node13,0,1,1724620100940
commit,1724620095784,pbft-client,"{""from"":""alice"",""to"":""bob"",""amount"":4}",node25,0,1,1724620100972
commit,1724620095784,pbft-client,"{""from"":""alice"",""to"":""bob"",""amount"":4}",node7,0,1,1724620101047
commit,1724620095784,pbft-client,"{""from"":""alice"",""to"":""bob"",""amount"":4}",node9,0,1,1724620100983
commit,1724620095784,pbft-client,"{""from"":""alice"",""to"":""bob"",""amount"":4}",node11,0,1,1724620101835
Reply,1724620095784,pbft-client,"{""from"":""alice"",""to"":""bob"",""amount"":4}",node3,1,1,1724620102055
commit,1724620095784,pbft-client,"{""from"":""alice"",""to"":""bob"",""amount"":4}",node19,0,1,1724620102146
commit,1724620095784,pbft-client,"{""from"":""alice"",""to"":""bob"",""amount"":4}",node22,0,1,1724620102923
request,1724620122160,pbft-client,"{""from"":""alice"",""to"":""bob"",""amount"":4}",pbft-client,0,1,1724620122207
pre-prepare,1724620122160,pbft-client,"{""from"":""alice"",""to"":""bob"",""amount"":4}",node1,0,1,1724620122358
prepare,1724620122160,pbft-client,"{""from"":""alice"",""to"":""bob"",""amount"":4}",node2,0,1,1724620123394
prepare,1724620122160,pbft-client,"{""from"":""alice"",""to"":""bob"",""amount"":4}",node24,0,1,1724620123555
prepare,1724620122160,pbft-client,"{""from"":""alice"",""to"":""bob"",""amount"":4}",node8,0,1,1724620123484
prepare,1724620122160,pbft-client,"{""from"":""alice"",""to"":""bob"",""amount"":4}",node13,0,1,1724620123913
prepare,1724620122160,pbft-client,"{""from"":""alice"",""to"":""bob"",""amount"":4}",node23,0,1,1724620123700
prepare,1724620122160,pbft-client,"{""from"":""alice"",""to"":""bob"",""amount"":4}",node4,0,1,1724620123770
prepare,1724620122160,pbft-client,"{""from"":""alice"",""to"":""bob"",""amount"":4}",node25,0,1,1724620123652
prepare,1724620122160,pbft-client,"{""from"":""alice"",""to"":""bob"",""amount"":4}",node3,0,1,1724620124398
prepare,1724620122160,pbft-client,"{""from"":""alice"",""to"":""bob"",""amount"":4}",node11,0,1,1724620124496
prepare,1724620122160,pbft-client,"{""from"":""alice"",""to"":""bob"",""amount"":4}",node6,0,1,1724620124585
prepare,1724620122160,pbft-client,"{""from"":""alice"",""to"":""bob"",""amount"":4}",node9,0,1,1724620124837
prepare,1724620122160,pbft-client,"{""from"":""alice"",""to"":""bob"",""amount"":4}",node14,0,1,1724620124898
prepare,1724620122160,pbft-client,"{""from"":""alice"",""to"":""bob"",""amount"":4}",node7,0,1,1724620125034
prepare,1724620122160,pbft-client,"{""from"":""alice"",""to"":""bob"",""amount"":4}",node22,0,1,1724620124959
prepare,1724620122160,pbft-client,"{""from"":""alice"",""to"":""bob"",""amount"":4}",node19,0,1,1724620125113
prepare,1724620122160,pbft-client,"{""from"":""alice"",""to"":""bob"",""amount"":4}",node18,0,1,1724620125767
prepare,1724620122160,pbft-client,"{""from"":""alice"",""to"":""bob"",""amount"":4}",node20,0,1,1724620125781
prepare,1724620122160,pbft-client,"{""from"":""alice"",""to"":""bob"",""amount"":4}",node10,0,1,1724620125758
prepare,1724620122160,pbft-client,"{""from"":""alice"",""to"":""bob"",""amount"":4}",node5,0,1,1724620125157
prepare,1724620122160,pbft-client,"{""from"":""alice"",""to"":""bob"",""amount"":4}",node1,0,1,1724620125749
commit,1724620122160,pbft-client,"{""from"":""alice"",""to"":""bob"",""amount"":4}",node2,0,1,1724620126181
commit,1724620122160,pbft-client,"{""from"":""alice"",""to"":""bob"",""amount"":4}",node13,0,1,1724620126422
commit,1724620122160,pbft-client,"{""from"":""alice"",""to"":""bob"",""amount"":4}",node23,0,1,1724620126945
commit,1724620122160,pbft-client,"{""from"":""alice"",""to"":""bob"",""amount"":4}",node11,0,1,1724620126981
commit,1724620122160,pbft-client,"{""from"":""alice"",""to"":""bob"",""amount"":4}",node1,0,1,1724620127003
commit,1724620122160,pbft-client,"{""from"":""alice"",""to"":""bob"",""amount"":4}",node25,0,1,1724620127033
commit,1724620122160,pbft-client,"{""from"":""alice"",""to"":""bob"",""amount"":4}",node6,0,1,1724620127058
commit,1724620122160,pbft-client,"{""from"":""alice"",""to"":""bob"",""amount"":4}",node7,0,1,1724620127085
commit,1724620122160,pbft-client,"{""from"":""alice"",""to"":""bob"",""amount"":4}",node22,0,1,1724620127106
commit,1724620122160,pbft-client,"{""from"":""alice"",""to"":""bob"",""amount"":4}",node10,0,1,1724620127133
commit,1724620122160,pbft-client,"{""from"":""alice"",""to"":""bob"",""amount"":4}",node8,0,1,1724620126747
commit,1724620122160,pbft-client,"{""from"":""alice"",""to"":""bob"",""amount"":4}",node24,0,1,1724620126858
commit,1724620122160,pbft-client,"{""from"":""alice"",""to"":""bob"",""amount"":4}",node4,0,1,1724620126701
commit,1724620122160,pbft-client,"{""from"":""alice"",""to"":""bob"",""amount"":4}",node19,0,1,1724620127299
commit,1724620122160,pbft-client,"{""from"":""alice"",""to"":""bob"",""amount"":4}",node3,0,1,1724620127344
commit,1724620122160,pbft-client,"{""from"":""alice"",""to"":""bob"",""amount"":4}",node9,0,1,1724620128093
commit,1724620122160,pbft-client,"{""from"":""alice"",""to"":""bob"",""amount"":4}",node18,0,1,1724620127917
commit,1724620122160,pbft-client,"{""from"":""alice"",""to"":""bob"",""amount"":4}",node5,0,1,1724620127807
commit,1724620122160,pbft-client,"{""from"":""alice"",""to"":""bob"",""amount"":4}",node20,0,1,1724620128497
commit,1724620122160,pbft-client,"{""from"":""alice"",""to"":""bob"",""amount"":4}",node14,0,1,1724620128557
Reply,1724620122160,pbft-client,"{""from"":""alice"",""to"":""bob"",""amount"":4}",node3,1,1,1724620128648
request,1724620143247,pbft-client,"{""from"":""alice"",""to"":""bob"",""amount"":4}",pbft-client,0,1,1724620143293
pre-prepare,1724620143247,pbft-client,"{""from"":""alice"",""to"":""bob"",""amount"":4}",node1,0,1,1724620143488
prepare,1724620143247,pbft-client,"{""from"":""alice"",""to"":""bob"",""amount"":4}",node7,0,1,1724620144314
prepare,1724620143247,pbft-client,"{""from"":""alice"",""to"":""bob"",""amount"":4}",node20,0,1,1724620144346
prepare,1724620143247,pbft-client,"{""from"":""alice"",""to"":""bob"",""amount"":4}",node2,0,1,1724620144389
prepare,1724620143247,pbft-client,"{""from"":""alice"",""to"":""bob"",""amount"":4}",node25,0,1,1724620144435
prepare,1724620143247,pbft-client,"{""from"":""alice"",""to"":""bob"",""amount"":4}",node5,0,1,1724620144698
prepare,1724620143247,pbft-client,"{""from"":""alice"",""to"":""bob"",""amount"":4}",node6,0,1,1724620144794
prepare,1724620143247,pbft-client,"{""from"":""alice"",""to"":""bob"",""amount"":4}",node22,0,1,1724620144630
prepare,1724620143247,pbft-client,"{""from"":""alice"",""to"":""bob"",""amount"":4}",node9,0,1,1724620144542
prepare,1724620143247,pbft-client,"{""from"":""alice"",""to"":""bob"",""amount"":4}",node4,0,1,1724620144861
prepare,1724620143247,pbft-client,"{""from"":""alice"",""to"":""bob"",""amount"":4}",node11,0,1,1724620144490
prepare,1724620143247,pbft-client,"{""from"":""alice"",""to"":""bob"",""amount"":4}",node3,0,1,1724620145340
prepare,1724620143247,pbft-client,"{""from"":""alice"",""to"":""bob"",""amount"":4}",node19,0,1,1724620145397
prepare,1724620143247,pbft-client,"{""from"":""alice"",""to"":""bob"",""amount"":4}",node1,0,1,1724620145590
prepare,1724620143247,pbft-client,"{""from"":""alice"",""to"":""bob"",""amount"":4}",node10,0,1,1724620145612
prepare,1724620143247,pbft-client,"{""from"":""alice"",""to"":""bob"",""amount"":4}",node14,0,1,1724620145670
prepare,1724620143247,pbft-client,"{""from"":""alice"",""to"":""bob"",""amount"":4}",node8,0,1,1724620145775
prepare,1724620143247,pbft-client,"{""from"":""alice"",""to"":""bob"",""amount"":4}",node18,0,1,1724620147039
prepare,1724620143247,pbft-client,"{""from"":""alice"",""to"":""bob"",""amount"":4}",node13,0,1,1724620147103
prepare,1724620143247,pbft-client,"{""from"":""alice"",""to"":""bob"",""amount"":4}",node24,0,1,1724620147170
prepare,1724620143247,pbft-client,"{""from"":""alice"",""to"":""bob"",""amount"":4}",node23,0,1,1724620147248
commit,1724620143247,pbft-client,"{""from"":""alice"",""to"":""bob"",""amount"":4}",node7,0,1,1724620147953
commit,1724620143247,pbft-client,"{""from"":""alice"",""to"":""bob"",""amount"":4}",node6,0,1,1724620147997
commit,1724620143247,pbft-client,"{""from"":""alice"",""to"":""bob"",""amount"":4}",node11,0,1,1724620148094
commit,1724620143247,pbft-client,"{""from"":""alice"",""to"":""bob"",""amount"":4}",node19,0,1,1724620147989
commit,1724620143247,pbft-client,"{""from"":""alice"",""to"":""bob"",""amount"":4}",node24,0,1,1724620148211
commit,1724620143247,pbft-client,"{""from"":""alice"",""to"":""bob"",""amount"":4}",node13,0,1,1724620148260
commit,1724620143247,pbft-client,"{""from"":""alice"",""to"":""bob"",""amount"":4}",node8,0,1,1724620148364
commit,1724620143247,pbft-client,"{""from"":""alice"",""to"":""bob"",""amount"":4}",node5,0,1,1724620148152
commit,1724620143247,pbft-client,"{""from"":""alice"",""to"":""bob"",""amount"":4}",node22,0,1,1724620147971
commit,1724620143247,pbft-client,"{""from"":""alice"",""to"":""bob"",""amount"":4}",node25,0,1,1724620148517
commit,1724620143247,pbft-client,"{""from"":""alice"",""to"":""bob"",""amount"":4}",node14,0,1,1724620148529
commit,1724620143247,pbft-client,"{""from"":""alice"",""to"":""bob"",""amount"":4}",node18,0,1,1724620148570
commit,1724620143247,pbft-client,"{""from"":""alice"",""to"":""bob"",""amount"":4}",node1,0,1,1724620148591
commit,1724620143247,pbft-client,"{""from"":""alice"",""to"":""bob"",""amount"":4}",node20,0,1,1724620147981
commit,1724620143247,pbft-client,"{""from"":""alice"",""to"":""bob"",""amount"":4}",node4,0,1,1724620148453
commit,1724620143247,pbft-client,"{""from"":""alice"",""to"":""bob"",""amount"":4}",node2,0,1,1724620148491
commit,1724620143247,pbft-client,"{""from"":""alice"",""to"":""bob"",""amount"":4}",node23,0,1,1724620148629
commit,1724620143247,pbft-client,"{""from"":""alice"",""to"":""bob"",""amount"":4}",node3,0,1,1724620148709
commit,1724620143247,pbft-client,"{""from"":""alice"",""to"":""bob"",""amount"":4}",node10,0,1,1724620148720
commit,1724620143247,pbft-client,"{""from"":""alice"",""to"":""bob"",""amount"":4}",node9,0,1,1724620149165
Reply,1724620143247,pbft-client,"{""from"":""alice"",""to"":""bob"",""amount"":4}",node3,1,1,1724620149358
request,1724620184109,pbft-client,"{""from"":""alice"",""to"":""bob"",""amount"":4}",pbft-client,0,1,1724620184148
pre-prepare,1724620184109,pbft-client,"{""from"":""alice"",""to"":""bob"",""amount"":4}",node1,0,1,1724620184352
prepare,1724620184109,pbft-client,"{""from"":""alice"",""to"":""bob"",""amount"":4}",node19,0,1,1724620184806
prepare,1724620184109,pbft-client,"{""from"":""alice"",""to"":""bob"",""amount"":4}",node1,0,1,1724620184745
prepare,1724620184109,pbft-client,"{""from"":""alice"",""to"":""bob"",""amount"":4}",node20,0,1,1724620184783
prepare,1724620184109,pbft-client,"{""from"":""alice"",""to"":""bob"",""amount"":4}",node6,0,1,1724620184815
prepare,1724620184109,pbft-client,"{""from"":""alice"",""to"":""bob"",""amount"":4}",node3,0,1,1724620184796
prepare,1724620184109,pbft-client,"{""from"":""alice"",""to"":""bob"",""amount"":4}",node18,0,1,1724620184925
prepare,1724620184109,pbft-client,"{""from"":""alice"",""to"":""bob"",""amount"":4}",node10,0,1,1724620184901
prepare,1724620184109,pbft-client,"{""from"":""alice"",""to"":""bob"",""amount"":4}",node11,0,1,1724620185060
prepare,1724620184109,pbft-client,"{""from"":""alice"",""to"":""bob"",""amount"":4}",node7,0,1,1724620185431
prepare,1724620184109,pbft-client,"{""from"":""alice"",""to"":""bob"",""amount"":4}",node13,0,1,1724620185547
prepare,1724620184109,pbft-client,"{""from"":""alice"",""to"":""bob"",""amount"":4}",node5,0,1,1724620185613
prepare,1724620184109,pbft-client,"{""from"":""alice"",""to"":""bob"",""amount"":4}",node23,0,1,1724620185844
prepare,1724620184109,pbft-client,"{""from"":""alice"",""to"":""bob"",""amount"":4}",node8,0,1,1724620186093
prepare,1724620184109,pbft-client,"{""from"":""alice"",""to"":""bob"",""amount"":4}",node4,0,1,1724620186051
prepare,1724620184109,pbft-client,"{""from"":""alice"",""to"":""bob"",""amount"":4}",node24,0,1,1724620186463
prepare,1724620184109,pbft-client,"{""from"":""alice"",""to"":""bob"",""amount"":4}",node25,0,1,1724620186471
prepare,1724620184109,pbft-client,"{""from"":""alice"",""to"":""bob"",""amount"":4}",node2,0,1,1724620186071
prepare,1724620184109,pbft-client,"{""from"":""alice"",""to"":""bob"",""amount"":4}",node14,0,1,1724620185982
prepare,1724620184109,pbft-client,"{""from"":""alice"",""to"":""bob"",""amount"":4}",node22,0,1,1724620186545
prepare,1724620184109,pbft-client,"{""from"":""alice"",""to"":""bob"",""amount"":4}",node9,0,1,1724620187072
commit,1724620184109,pbft-client,"{""from"":""alice"",""to"":""bob"",""amount"":4}",node10,0,1,1724620187293
commit,1724620184109,pbft-client,"{""from"":""alice"",""to"":""bob"",""amount"":4}",node3,0,1,1724620187305
commit,1724620184109,pbft-client,"{""from"":""alice"",""to"":""bob"",""amount"":4}",node25,0,1,1724620187563
commit,1724620184109,pbft-client,"{""from"":""alice"",""to"":""bob"",""amount"":4}",node6,0,1,1724620187642
commit,1724620184109,pbft-client,"{""from"":""alice"",""to"":""bob"",""amount"":4}",node19,0,1,1724620187933
commit,1724620184109,pbft-client,"{""from"":""alice"",""to"":""bob"",""amount"":4}",node18,0,1,1724620188050
commit,1724620184109,pbft-client,"{""from"":""alice"",""to"":""bob"",""amount"":4}",node8,0,1,1724620188058
commit,1724620184109,pbft-client,"{""from"":""alice"",""to"":""bob"",""amount"":4}",node2,0,1,1724620188067
commit,1724620184109,pbft-client,"{""from"":""alice"",""to"":""bob"",""amount"":4}",node11,0,1,1724620188199
commit,1724620184109,pbft-client,"{""from"":""alice"",""to"":""bob"",""amount"":4}",node1,0,1,1724620188296
commit,1724620184109,pbft-client,"{""from"":""alice"",""to"":""bob"",""amount"":4}",node4,0,1,1724620188327
commit,1724620184109,pbft-client,"{""from"":""alice"",""to"":""bob"",""amount"":4}",node13,0,1,1724620188168
commit,1724620184109,pbft-client,"{""from"":""alice"",""to"":""bob"",""amount"":4}",node24,0,1,1724620188500
commit,1724620184109,pbft-client,"{""from"":""alice"",""to"":""bob"",""amount"":4}",node14,0,1,1724620188635
commit,1724620184109,pbft-client,"{""from"":""alice"",""to"":""bob"",""amount"":4}",node5,0,1,1724620188749
commit,1724620184109,pbft-client,"{""from"":""alice"",""to"":""bob"",""amount"":4}",node20,0,1,1724620188992
commit,1724620184109,pbft-client,"{""from"":""alice"",""to"":""bob"",""amount"":4}",node22,0,1,1724620189071
commit,1724620184109,pbft-client,"{""from"":""alice"",""to"":""bob"",""amount"":4}",node7,0,1,1724620189116
commit,1724620184109,pbft-client,"{""from"":""alice"",""to"":""bob"",""amount"":4}",node23,0,1,1724620189166
Reply,1724620184109,pbft-client,"{""from"":""alice"",""to"":""bob"",""amount"":4}",node3,1,1,1724620189356
commit,1724620184109,pbft-client,"{""from"":""alice"",""to"":""bob"",""amount"":4}",node9,0,1,1724620189857
request,1724620450542,pbft-client,"{""from"":""alice"",""to"":""bob"",""amount"":4}",pbft-client,0,1,1724620450641
pre-prepare,1724620450542,pbft-client,"{""from"":""alice"",""to"":""bob"",""amount"":4}",node1,0,1,1724620450855
prepare,1724620450542,pbft-client,"{""from"":""alice"",""to"":""bob"",""amount"":4}",node13,0,1,1724620452803
prepare,1724620450542,pbft-client,"{""from"":""alice"",""to"":""bob"",""amount"":4}",node7,0,1,1724620452976
prepare,1724620450542,pbft-client,"{""from"":""alice"",""to"":""bob"",""amount"":4}",node18,0,1,1724620452902
prepare,1724620450542,pbft-client,"{""from"":""alice"",""to"":""bob"",""amount"":4}",node19,0,1,1724620453429
prepare,1724620450542,pbft-client,"{""from"":""alice"",""to"":""bob"",""amount"":4}",node1,0,1,1724620453544
prepare,1724620450542,pbft-client,"{""from"":""alice"",""to"":""bob"",""amount"":4}",node5,0,1,1724620453624
prepare,1724620450542,pbft-client,"{""from"":""alice"",""to"":""bob"",""amount"":4}",node4,0,1,1724620453676
prepare,1724620450542,pbft-client,"{""from"":""alice"",""to"":""bob"",""amount"":4}",node6,0,1,1724620453683
prepare,1724620450542,pbft-client,"{""from"":""alice"",""to"":""bob"",""amount"":4}",node20,0,1,1724620453691
prepare,1724620450542,pbft-client,"{""from"":""alice"",""to"":""bob"",""amount"":4}",node2,0,1,1724620453138
prepare,1724620450542,pbft-client,"{""from"":""alice"",""to"":""bob"",""amount"":4}",node25,0,1,1724620453770
prepare,1724620450542,pbft-client,"{""from"":""alice"",""to"":""bob"",""amount"":4}",node9,0,1,1724620453844
prepare,1724620450542,pbft-client,"{""from"":""alice"",""to"":""bob"",""amount"":4}",node17,0,1,1724620453947
prepare,1724620450542,pbft-client,"{""from"":""alice"",""to"":""bob"",""amount"":4}",node27,0,1,1724620454040
prepare,1724620450542,pbft-client,"{""from"":""alice"",""to"":""bob"",""amount"":4}",node11,0,1,1724620454127
prepare,1724620450542,pbft-client,"{""from"":""alice"",""to"":""bob"",""amount"":4}",node21,0,1,1724620455515
prepare,1724620450542,pbft-client,"{""from"":""alice"",""to"":""bob"",""amount"":4}",node16,0,1,1724620455524
prepare,1724620450542,pbft-client,"{""from"":""alice"",""to"":""bob"",""amount"":4}",node8,0,1,1724620453699
prepare,1724620450542,pbft-client,"{""from"":""alice"",""to"":""bob"",""amount"":4}",node23,0,1,1724620453097
prepare,1724620450542,pbft-client,"{""from"":""alice"",""to"":""bob"",""amount"":4}",node26,0,1,1724620453232
prepare,1724620450542,pbft-client,"{""from"":""alice"",""to"":""bob"",""amount"":4}",node10,0,1,1724620455612
prepare,1724620450542,pbft-client,"{""from"":""alice"",""to"":""bob"",""amount"":4}",node15,0,1,1724620455621
prepare,1724620450542,pbft-client,"{""from"":""alice"",""to"":""bob"",""amount"":4}",node22,0,1,1724620455631
prepare,1724620450542,pbft-client,"{""from"":""alice"",""to"":""bob"",""amount"":4}",node3,0,1,1724620455592
prepare,1724620450542,pbft-client,"{""from"":""alice"",""to"":""bob"",""amount"":4}",node12,0,1,1724620456722
commit,1724620450542,pbft-client,"{""from"":""alice"",""to"":""bob"",""amount"":4}",node8,0,1,1724620456790
commit,1724620450542,pbft-client,"{""from"":""alice"",""to"":""bob"",""amount"":4}",node18,0,1,1724620456881
commit,1724620450542,pbft-client,"{""from"":""alice"",""to"":""bob"",""amount"":4}",node25,0,1,1724620456895
prepare,1724620450542,pbft-client,"{""from"":""alice"",""to"":""bob"",""amount"":4}",node24,0,1,1724620456565
commit,1724620450542,pbft-client,"{""from"":""alice"",""to"":""bob"",""amount"":4}",node24,0,1,1724620456913
commit,1724620450542,pbft-client,"{""from"":""alice"",""to"":""bob"",""amount"":4}",node10,0,1,1724620456903
prepare,1724620450542,pbft-client,"{""from"":""alice"",""to"":""bob"",""amount"":4}",node28,0,1,1724620456654
prepare,1724620450542,pbft-client,"{""from"":""alice"",""to"":""bob"",""amount"":4}",node14,0,1,1724620456489
commit,1724620450542,pbft-client,"{""from"":""alice"",""to"":""bob"",""amount"":4}",node20,0,1,1724620457061
commit,1724620450542,pbft-client,"{""from"":""alice"",""to"":""bob"",""amount"":4}",node3,0,1,1724620457086
commit,1724620450542,pbft-client,"{""from"":""alice"",""to"":""bob"",""amount"":4}",node1,0,1,1724620457120
commit,1724620450542,pbft-client,"{""from"":""alice"",""to"":""bob"",""amount"":4}",node5,0,1,1724620457533
commit,1724620450542,pbft-client,"{""from"":""alice"",""to"":""bob"",""amount"":4}",node26,0,1,1724620457543
commit,1724620450542,pbft-client,"{""from"":""alice"",""to"":""bob"",""amount"":4}",node19,0,1,1724620457661
commit,1724620450542,pbft-client,"{""from"":""alice"",""to"":""bob"",""amount"":4}",node28,0,1,1724620457790
commit,1724620450542,pbft-client,"{""from"":""alice"",""to"":""bob"",""amount"":4}",node27,0,1,1724620457971
commit,1724620450542,pbft-client,"{""from"":""alice"",""to"":""bob"",""amount"":4}",node4,0,1,1724620458092
commit,1724620450542,pbft-client,"{""from"":""alice"",""to"":""bob"",""amount"":4}",node16,0,1,1724620458194
commit,1724620450542,pbft-client,"{""from"":""alice"",""to"":""bob"",""amount"":4}",node9,0,1,1724620458399
commit,1724620450542,pbft-client,"{""from"":""alice"",""to"":""bob"",""amount"":4}",node15,0,1,1724620459128
commit,1724620450542,pbft-client,"{""from"":""alice"",""to"":""bob"",""amount"":4}",node2,0,1,1724620459211
commit,1724620450542,pbft-client,"{""from"":""alice"",""to"":""bob"",""amount"":4}",node14,0,1,1724620459652
commit,1724620450542,pbft-client,"{""from"":""alice"",""to"":""bob"",""amount"":4}",node17,0,1,1724620459473
commit,1724620450542,pbft-client,"{""from"":""alice"",""to"":""bob"",""amount"":4}",node6,0,1,1724620459156
commit,1724620450542,pbft-client,"{""from"":""alice"",""to"":""bob"",""amount"":4}",node21,0,1,1724620459779
commit,1724620450542,pbft-client,"{""from"":""alice"",""to"":""bob"",""amount"":4}",node7,0,1,1724620460084
commit,1724620450542,pbft-client,"{""from"":""alice"",""to"":""bob"",""amount"":4}",node12,0,1,1724620460681
Reply,1724620450542,pbft-client,"{""from"":""alice"",""to"":""bob"",""amount"":4}",node3,1,1,1724620460836
commit,1724620450542,pbft-client,"{""from"":""alice"",""to"":""bob"",""amount"":4}",node11,0,1,1724620461825
commit,1724620450542,pbft-client,"{""from"":""alice"",""to"":""bob"",""amount"":4}",node23,0,1,1724620461925
commit,1724620450542,pbft-client,"{""from"":""alice"",""to"":""bob"",""amount"":4}",node13,0,1,1724620462017
commit,1724620450542,pbft-client,"{""from"":""alice"",""to"":""bob"",""amount"":4}",node22,0,1,1724620463817
request,1724620491571,pbft-client,"{""from"":""alice"",""to"":""bob"",""amount"":4}",pbft-client,0,1,1724620491617
pre-prepare,1724620491571,pbft-client,"{""from"":""alice"",""to"":""bob"",""amount"":4}",node1,0,1,1724620491816
prepare,1724620491571,pbft-client,"{""from"":""alice"",""to"":""bob"",""amount"":4}",node9,0,1,1724620492788
prepare,1724620491571,pbft-client,"{""from"":""alice"",""to"":""bob"",""amount"":4}",node25,0,1,1724620493016
prepare,1724620491571,pbft-client,"{""from"":""alice"",""to"":""bob"",""amount"":4}",node20,0,1,1724620492889
prepare,1724620491571,pbft-client,"{""from"":""alice"",""to"":""bob"",""amount"":4}",node8,0,1,1724620493276
prepare,1724620491571,pbft-client,"{""from"":""alice"",""to"":""bob"",""amount"":4}",node11,0,1,1724620492835
prepare,1724620491571,pbft-client,"{""from"":""alice"",""to"":""bob"",""amount"":4}",node7,0,1,1724620493155
prepare,1724620491571,pbft-client,"{""from"":""alice"",""to"":""bob"",""amount"":4}",node14,0,1,1724620492953
prepare,1724620491571,pbft-client,"{""from"":""alice"",""to"":""bob"",""amount"":4}",node3,0,1,1724620493745
prepare,1724620491571,pbft-client,"{""from"":""alice"",""to"":""bob"",""amount"":4}",node10,0,1,1724620493927
prepare,1724620491571,pbft-client,"{""from"":""alice"",""to"":""bob"",""amount"":4}",node17,0,1,1724620494327
prepare,1724620491571,pbft-client,"{""from"":""alice"",""to"":""bob"",""amount"":4}",node23,0,1,1724620494599
prepare,1724620491571,pbft-client,"{""from"":""alice"",""to"":""bob"",""amount"":4}",node19,0,1,1724620494724
prepare,1724620491571,pbft-client,"{""from"":""alice"",""to"":""bob"",""amount"":4}",node1,0,1,1724620494412
prepare,1724620491571,pbft-client,"{""from"":""alice"",""to"":""bob"",""amount"":4}",node26,0,1,1724620494670
prepare,1724620491571,pbft-client,"{""from"":""alice"",""to"":""bob"",""amount"":4}",node22,0,1,1724620494940
prepare,1724620491571,pbft-client,"{""from"":""alice"",""to"":""bob"",""amount"":4}",node21,0,1,1724620496081
prepare,1724620491571,pbft-client,"{""from"":""alice"",""to"":""bob"",""amount"":4}",node2,0,1,1724620496246
prepare,1724620491571,pbft-client,"{""from"":""alice"",""to"":""bob"",""amount"":4}",node6,0,1,1724620496408
prepare,1724620491571,pbft-client,"{""from"":""alice"",""to"":""bob"",""amount"":4}",node5,0,1,1724620496519
prepare,1724620491571,pbft-client,"{""from"":""alice"",""to"":""bob"",""amount"":4}",node16,0,1,1724620496646
prepare,1724620491571,pbft-client,"{""from"":""alice"",""to"":""bob"",""amount"":4}",node28,0,1,1724620494487
prepare,1724620491571,pbft-client,"{""from"":""alice"",""to"":""bob"",""amount"":4}",node12,0,1,1724620496797
prepare,1724620491571,pbft-client,"{""from"":""alice"",""to"":""bob"",""amount"":4}",node18,0,1,1724620496805
prepare,1724620491571,pbft-client,"{""from"":""alice"",""to"":""bob"",""amount"":4}",node27,0,1,1724620496675
prepare,1724620491571,pbft-client,"{""from"":""alice"",""to"":""bob"",""amount"":4}",node24,0,1,1724620494846
prepare,1724620491571,pbft-client,"{""from"":""alice"",""to"":""bob"",""amount"":4}",node15,0,1,1724620494898
prepare,1724620491571,pbft-client,"{""from"":""alice"",""to"":""bob"",""amount"":4}",node4,0,1,1724620498012
commit,1724620491571,pbft-client,"{""from"":""alice"",""to"":""bob"",""amount"":4}",node14,0,1,1724620498263
commit,1724620491571,pbft-client,"{""from"":""alice"",""to"":""bob"",""amount"":4}",node8,0,1,1724620498136
commit,1724620491571,pbft-client,"{""from"":""alice"",""to"":""bob"",""amount"":4}",node18,0,1,1724620498452
commit,1724620491571,pbft-client,"{""from"":""alice"",""to"":""bob"",""amount"":4}",node10,0,1,1724620498500
commit,1724620491571,pbft-client,"{""from"":""alice"",""to"":""bob"",""amount"":4}",node15,0,1,1724620498529
commit,1724620491571,pbft-client,"{""from"":""alice"",""to"":""bob"",""amount"":4}",node9,0,1,1724620498608
commit,1724620491571,pbft-client,"{""from"":""alice"",""to"":""bob"",""amount"":4}",node11,0,1,1724620498727
commit,1724620491571,pbft-client,"{""from"":""alice"",""to"":""bob"",""amount"":4}",node16,0,1,1724620498843
commit,1724620491571,pbft-client,"{""from"":""alice"",""to"":""bob"",""amount"":4}",node28,0,1,1724620498981
commit,1724620491571,pbft-client,"{""from"":""alice"",""to"":""bob"",""amount"":4}",node27,0,1,1724620499070
prepare,1724620491571,pbft-client,"{""from"":""alice"",""to"":""bob"",""amount"":4}",node13,0,1,1724620498068
commit,1724620491571,pbft-client,"{""from"":""alice"",""to"":""bob"",""amount"":4}",node23,0,1,1724620498371
commit,1724620491571,pbft-client,"{""from"":""alice"",""to"":""bob"",""amount"":4}",node1,0,1,1724620498185
commit,1724620491571,pbft-client,"{""from"":""alice"",""to"":""bob"",""amount"":4}",node6,0,1,1724620499767
commit,1724620491571,pbft-client,"{""from"":""alice"",""to"":""bob"",""amount"":4}",node3,0,1,1724620499653
commit,1724620491571,pbft-client,"{""from"":""alice"",""to"":""bob"",""amount"":4}",node2,0,1,1724620499893
commit,1724620491571,pbft-client,"{""from"":""alice"",""to"":""bob"",""amount"":4}",node5,0,1,1724620500121
commit,1724620491571,pbft-client,"{""from"":""alice"",""to"":""bob"",""amount"":4}",node24,0,1,1724620500297
commit,1724620491571,pbft-client,"{""from"":""alice"",""to"":""bob"",""amount"":4}",node20,0,1,1724620500420
commit,1724620491571,pbft-client,"{""from"":""alice"",""to"":""bob"",""amount"":4}",node13,0,1,1724620500490
commit,1724620491571,pbft-client,"{""from"":""alice"",""to"":""bob"",""amount"":4}",node7,0,1,1724620500587
commit,1724620491571,pbft-client,"{""from"":""alice"",""to"":""bob"",""amount"":4}",node17,0,1,1724620502473
commit,1724620491571,pbft-client,"{""from"":""alice"",""to"":""bob"",""amount"":4}",node19,0,1,1724620502910
commit,1724620491571,pbft-client,"{""from"":""alice"",""to"":""bob"",""amount"":4}",node21,0,1,1724620502548
commit,1724620491571,pbft-client,"{""from"":""alice"",""to"":""bob"",""amount"":4}",node26,0,1,1724620502995
commit,1724620491571,pbft-client,"{""from"":""alice"",""to"":""bob"",""amount"":4}",node4,0,1,1724620502977
commit,1724620491571,pbft-client,"{""from"":""alice"",""to"":""bob"",""amount"":4}",node22,0,1,1724620502988
commit,1724620491571,pbft-client,"{""from"":""alice"",""to"":""bob"",""amount"":4}",node12,0,1,1724620502958
commit,1724620491571,pbft-client,"{""from"":""alice"",""to"":""bob"",""amount"":4}",node25,0,1,1724620503227
Reply,1724620491571,pbft-client,"{""from"":""alice"",""to"":""bob"",""amount"":4}",node3,1,1,1724620503481
request,1724620960554,pbft-client,"{""from"":""alice"",""to"":""bob"",""amount"":4}",pbft-client,0,1,1724620960718
pre-prepare,1724620960554,pbft-client,"{""from"":""alice"",""to"":""bob"",""amount"":4}",node1,0,1,1724620961082
prepare,1724620960554,pbft-client,"{""from"":""alice"",""to"":""bob"",""amount"":4}",node26,0,1,1724620961602
prepare,1724620960554,pbft-client,"{""from"":""alice"",""to"":""bob"",""amount"":4}",node14,0,1,1724620961591
prepare,1724620960554,pbft-client,"{""from"":""alice"",""to"":""bob"",""amount"":4}",node3,0,1,1724620961612
prepare,1724620960554,pbft-client,"{""from"":""alice"",""to"":""bob"",""amount"":4}",node25,0,1,1724620961782
prepare,1724620960554,pbft-client,"{""from"":""alice"",""to"":""bob"",""amount"":4}",node30,0,1,1724620961798
prepare,1724620960554,pbft-client,"{""from"":""alice"",""to"":""bob"",""amount"":4}",node24,0,1,1724620962003
prepare,1724620960554,pbft-client,"{""from"":""alice"",""to"":""bob"",""amount"":4}",node6,0,1,1724620962106
prepare,1724620960554,pbft-client,"{""from"":""alice"",""to"":""bob"",""amount"":4}",node27,0,1,1724620962374
prepare,1724620960554,pbft-client,"{""from"":""alice"",""to"":""bob"",""amount"":4}",node1,0,1,1724620962725
prepare,1724620960554,pbft-client,"{""from"":""alice"",""to"":""bob"",""amount"":4}",node8,0,1,1724620962992
prepare,1724620960554,pbft-client,"{""from"":""alice"",""to"":""bob"",""amount"":4}",node17,0,1,1724620963089
prepare,1724620960554,pbft-client,"{""from"":""alice"",""to"":""bob"",""amount"":4}",node19,0,1,1724620963270
prepare,1724620960554,pbft-client,"{""from"":""alice"",""to"":""bob"",""amount"":4}",node13,0,1,1724620963548
prepare,1724620960554,pbft-client,"{""from"":""alice"",""to"":""bob"",""amount"":4}",node10,0,1,1724620963421
prepare,1724620960554,pbft-client,"{""from"":""alice"",""to"":""bob"",""amount"":4}",node23,0,1,1724620963899
prepare,1724620960554,pbft-client,"{""from"":""alice"",""to"":""bob"",""amount"":4}",node4,0,1,1724620963991
prepare,1724620960554,pbft-client,"{""from"":""alice"",""to"":""bob"",""amount"":4}",node16,0,1,1724620964031
prepare,1724620960554,pbft-client,"{""from"":""alice"",""to"":""bob"",""amount"":4}",node5,0,1,1724620965494
prepare,1724620960554,pbft-client,"{""from"":""alice"",""to"":""bob"",""amount"":4}",node9,0,1,1724620965589
prepare,1724620960554,pbft-client,"{""from"":""alice"",""to"":""bob"",""amount"":4}",node18,0,1,1724620965742
prepare,1724620960554,pbft-client,"{""from"":""alice"",""to"":""bob"",""amount"":4}",node2,0,1,1724620964058
prepare,1724620960554,pbft-client,"{""from"":""alice"",""to"":""bob"",""amount"":4}",node28,0,1,1724620964106
prepare,1724620960554,pbft-client,"{""from"":""alice"",""to"":""bob"",""amount"":4}",node31,0,1,1724620964185
prepare,1724620960554,pbft-client,"{""from"":""alice"",""to"":""bob"",""amount"":4}",node22,0,1,1724620966699
commit,1724620960554,pbft-client,"{""from"":""alice"",""to"":""bob"",""amount"":4}",node24,0,1,1724620966889
commit,1724620960554,pbft-client,"{""from"":""alice"",""to"":""bob"",""amount"":4}",node23,0,1,1724620966990
commit,1724620960554,pbft-client,"{""from"":""alice"",""to"":""bob"",""amount"":4}",node31,0,1,1724620967046
commit,1724620960554,pbft-client,"{""from"":""alice"",""to"":""bob"",""amount"":4}",node14,0,1,1724620966760
commit,1724620960554,pbft-client,"{""from"":""alice"",""to"":""bob"",""amount"":4}",node6,0,1,1724620966779
commit,1724620960554,pbft-client,"{""from"":""alice"",""to"":""bob"",""amount"":4}",node10,0,1,1724620966801
commit,1724620960554,pbft-client,"{""from"":""alice"",""to"":""bob"",""amount"":4}",node25,0,1,1724620967092
commit,1724620960554,pbft-client,"{""from"":""alice"",""to"":""bob"",""amount"":4}",node16,0,1,1724620967316
commit,1724620960554,pbft-client,"{""from"":""alice"",""to"":""bob"",""amount"":4}",node9,0,1,1724620967358
commit,1724620960554,pbft-client,"{""from"":""alice"",""to"":""bob"",""amount"":4}",node1,0,1,1724620967222
commit,1724620960554,pbft-client,"{""from"":""alice"",""to"":""bob"",""amount"":4}",node3,0,1,1724620967283
commit,1724620960554,pbft-client,"{""from"":""alice"",""to"":""bob"",""amount"":4}",node27,0,1,1724620967748
commit,1724620960554,pbft-client,"{""from"":""alice"",""to"":""bob"",""amount"":4}",node19,0,1,1724620967675
commit,1724620960554,pbft-client,"{""from"":""alice"",""to"":""bob"",""amount"":4}",node8,0,1,1724620967857
commit,1724620960554,pbft-client,"{""from"":""alice"",""to"":""bob"",""amount"":4}",node13,0,1,1724620967914
commit,1724620960554,pbft-client,"{""from"":""alice"",""to"":""bob"",""amount"":4}",node28,0,1,1724620967870
commit,1724620960554,pbft-client,"{""from"":""alice"",""to"":""bob"",""amount"":4}",node22,0,1,1724620968429
commit,1724620960554,pbft-client,"{""from"":""alice"",""to"":""bob"",""amount"":4}",node17,0,1,1724620968736
commit,1724620960554,pbft-client,"{""from"":""alice"",""to"":""bob"",""amount"":4}",node30,0,1,1724620969357
commit,1724620960554,pbft-client,"{""from"":""alice"",""to"":""bob"",""amount"":4}",node26,0,1,1724620970231
commit,1724620960554,pbft-client,"{""from"":""alice"",""to"":""bob"",""amount"":4}",node5,0,1,1724620971222
commit,1724620960554,pbft-client,"{""from"":""alice"",""to"":""bob"",""amount"":4}",node18,0,1,1724620971563
commit,1724620960554,pbft-client,"{""from"":""alice"",""to"":""bob"",""amount"":4}",node2,0,1,1724620971921
Reply,1724620960554,pbft-client,"{""from"":""alice"",""to"":""bob"",""amount"":4}",node3,1,1,1724620972361
commit,1724620960554,pbft-client,"{""from"":""alice"",""to"":""bob"",""amount"":4}",node4,0,1,1724620972489
request,1724620995144,pbft-client,"{""from"":""alice"",""to"":""bob"",""amount"":4}",pbft-client,0,1,1724620995185
pre-prepare,1724620995144,pbft-client,"{""from"":""alice"",""to"":""bob"",""amount"":4}",node1,0,1,1724620995458
prepare,1724620995144,pbft-client,"{""from"":""alice"",""to"":""bob"",""amount"":4}",node13,0,1,1724620995984
prepare,1724620995144,pbft-client,"{""from"":""alice"",""to"":""bob"",""amount"":4}",node10,0,1,1724620996052
prepare,1724620995144,pbft-client,"{""from"":""alice"",""to"":""bob"",""amount"":4}",node3,0,1,1724620996217
prepare,1724620995144,pbft-client,"{""from"":""alice"",""to"":""bob"",""amount"":4}",node6,0,1,1724620996469
prepare,1724620995144,pbft-client,"{""from"":""alice"",""to"":""bob"",""amount"":4}",node28,0,1,1724620996570
prepare,1724620995144,pbft-client,"{""from"":""alice"",""to"":""bob"",""amount"":4}",node24,0,1,1724620996637
prepare,1724620995144,pbft-client,"{""from"":""alice"",""to"":""bob"",""amount"":4}",node14,0,1,1724620996804
prepare,1724620995144,pbft-client,"{""from"":""alice"",""to"":""bob"",""amount"":4}",node17,0,1,1724620997043
prepare,1724620995144,pbft-client,"{""from"":""alice"",""to"":""bob"",""amount"":4}",node31,0,1,1724620996963
prepare,1724620995144,pbft-client,"{""from"":""alice"",""to"":""bob"",""amount"":4}",node27,0,1,1724620997214
prepare,1724620995144,pbft-client,"{""from"":""alice"",""to"":""bob"",""amount"":4}",node1,0,1,1724620997300
prepare,1724620995144,pbft-client,"{""from"":""alice"",""to"":""bob"",""amount"":4}",node22,0,1,1724620997347
prepare,1724620995144,pbft-client,"{""from"":""alice"",""to"":""bob"",""amount"":4}",node2,0,1,1724620997371
prepare,1724620995144,pbft-client,"{""from"":""alice"",""to"":""bob"",""amount"":4}",node25,0,1,1724620997360
prepare,1724620995144,pbft-client,"{""from"":""alice"",""to"":""bob"",""amount"":4}",node26,0,1,1724620997388
prepare,1724620995144,pbft-client,"{""from"":""alice"",""to"":""bob"",""amount"":4}",node23,0,1,1724620997396
prepare,1724620995144,pbft-client,"{""from"":""alice"",""to"":""bob"",""amount"":4}",node9,0,1,1724620997406
prepare,1724620995144,pbft-client,"{""from"":""alice"",""to"":""bob"",""amount"":4}",node30,0,1,1724620997379
prepare,1724620995144,pbft-client,"{""from"":""alice"",""to"":""bob"",""amount"":4}",node19,0,1,1724620997464
prepare,1724620995144,pbft-client,"{""from"":""alice"",""to"":""bob"",""amount"":4}",node18,0,1,1724620998102
prepare,1724620995144,pbft-client,"{""from"":""alice"",""to"":""bob"",""amount"":4}",node8,0,1,1724620999335
prepare,1724620995144,pbft-client,"{""from"":""alice"",""to"":""bob"",""amount"":4}",node5,0,1,1724620999385
prepare,1724620995144,pbft-client,"{""from"":""alice"",""to"":""bob"",""amount"":4}",node16,0,1,1724620999414
commit,1724620995144,pbft-client,"{""from"":""alice"",""to"":""bob"",""amount"":4}",node1,0,1,1724620999914
commit,1724620995144,pbft-client,"{""from"":""alice"",""to"":""bob"",""amount"":4}",node13,0,1,1724620999959
commit,1724620995144,pbft-client,"{""from"":""alice"",""to"":""bob"",""amount"":4}",node6,0,1,1724620999971
commit,1724620995144,pbft-client,"{""from"":""alice"",""to"":""bob"",""amount"":4}",node9,0,1,1724621000384
commit,1724620995144,pbft-client,"{""from"":""alice"",""to"":""bob"",""amount"":4}",node14,0,1,1724621000468
commit,1724620995144,pbft-client,"{""from"":""alice"",""to"":""bob"",""amount"":4}",node3,0,1,1724621000476
prepare,1724620995144,pbft-client,"{""from"":""alice"",""to"":""bob"",""amount"":4}",node4,0,1,1724621000690
commit,1724620995144,pbft-client,"{""from"":""alice"",""to"":""bob"",""amount"":4}",node4,0,1,1724621001301
commit,1724620995144,pbft-client,"{""from"":""alice"",""to"":""bob"",""amount"":4}",node10,0,1,1724621000886
commit,1724620995144,pbft-client,"{""from"":""alice"",""to"":""bob"",""amount"":4}",node23,0,1,1724621001192
commit,1724620995144,pbft-client,"{""from"":""alice"",""to"":""bob"",""amount"":4}",node8,0,1,1724621000805
commit,1724620995144,pbft-client,"{""from"":""alice"",""to"":""bob"",""amount"":4}",node30,0,1,1724621001801
commit,1724620995144,pbft-client,"{""from"":""alice"",""to"":""bob"",""amount"":4}",node22,0,1,1724621001815
commit,1724620995144,pbft-client,"{""from"":""alice"",""to"":""bob"",""amount"":4}",node28,0,1,1724621002193
commit,1724620995144,pbft-client,"{""from"":""alice"",""to"":""bob"",""amount"":4}",node24,0,1,1724621002716
commit,1724620995144,pbft-client,"{""from"":""alice"",""to"":""bob"",""amount"":4}",node25,0,1,1724621002829
commit,1724620995144,pbft-client,"{""from"":""alice"",""to"":""bob"",""amount"":4}",node17,0,1,1724621003232
commit,1724620995144,pbft-client,"{""from"":""alice"",""to"":""bob"",""amount"":4}",node27,0,1,1724621003076
commit,1724620995144,pbft-client,"{""from"":""alice"",""to"":""bob"",""amount"":4}",node19,0,1,1724621003368
commit,1724620995144,pbft-client,"{""from"":""alice"",""to"":""bob"",""amount"":4}",node31,0,1,1724621002987
commit,1724620995144,pbft-client,"{""from"":""alice"",""to"":""bob"",""amount"":4}",node26,0,1,1724621004210
commit,1724620995144,pbft-client,"{""from"":""alice"",""to"":""bob"",""amount"":4}",node5,0,1,1724621004504
commit,1724620995144,pbft-client,"{""from"":""alice"",""to"":""bob"",""amount"":4}",node16,0,1,1724621004744
commit,1724620995144,pbft-client,"{""from"":""alice"",""to"":""bob"",""amount"":4}",node18,0,1,1724621004844
Reply,1724620995144,pbft-client,"{""from"":""alice"",""to"":""bob"",""amount"":4}",node3,1,1,1724621004985
commit,1724620995144,pbft-client,"{""from"":""alice"",""to"":""bob"",""amount"":4}",node2,0,1,1724621006140
request,1724621044039,pbft-client,"{""from"":""alice"",""to"":""bob"",""amount"":4}",pbft-client,0,1,1724621044099
pre-prepare,1724621044039,pbft-client,"{""from"":""alice"",""to"":""bob"",""amount"":4}",node1,0,1,1724621044330
prepare,1724621044039,pbft-client,"{""from"":""alice"",""to"":""bob"",""amount"":4}",node26,0,1,1724621045292
prepare,1724621044039,pbft-client,"{""from"":""alice"",""to"":""bob"",""amount"":4}",node4,0,1,1724621045390
prepare,1724621044039,pbft-client,"{""from"":""alice"",""to"":""bob"",""amount"":4}",node5,0,1,1724621045370
prepare,1724621044039,pbft-client,"{""from"":""alice"",""to"":""bob"",""amount"":4}",node22,0,1,1724621045323
prepare,1724621044039,pbft-client,"{""from"":""alice"",""to"":""bob"",""amount"":4}",node16,0,1,1724621045312
prepare,1724621044039,pbft-client,"{""from"":""alice"",""to"":""bob"",""amount"":4}",node19,0,1,1724621045469
prepare,1724621044039,pbft-client,"{""from"":""alice"",""to"":""bob"",""amount"":4}",node9,0,1,1724621045505
prepare,1724621044039,pbft-client,"{""from"":""alice"",""to"":""bob"",""amount"":4}",node3,0,1,1724621045595
prepare,1724621044039,pbft-client,"{""from"":""alice"",""to"":""bob"",""amount"":4}",node28,0,1,1724621045606
prepare,1724621044039,pbft-client,"{""from"":""alice"",""to"":""bob"",""amount"":4}",node31,0,1,1724621045960
prepare,1724621044039,pbft-client,"{""from"":""alice"",""to"":""bob"",""amount"":4}",node17,0,1,1724621045939
prepare,1724621044039,pbft-client,"{""from"":""alice"",""to"":""bob"",""amount"":4}",node14,0,1,1724621046135
prepare,1724621044039,pbft-client,"{""from"":""alice"",""to"":""bob"",""amount"":4}",node8,0,1,1724621046239
prepare,1724621044039,pbft-client,"{""from"":""alice"",""to"":""bob"",""amount"":4}",node24,0,1,1724621046450
prepare,1724621044039,pbft-client,"{""from"":""alice"",""to"":""bob"",""amount"":4}",node25,0,1,1724621046529
prepare,1724621044039,pbft-client,"{""from"":""alice"",""to"":""bob"",""amount"":4}",node2,0,1,1724621046605
prepare,1724621044039,pbft-client,"{""from"":""alice"",""to"":""bob"",""amount"":4}",node30,0,1,1724621046647
prepare,1724621044039,pbft-client,"{""from"":""alice"",""to"":""bob"",""amount"":4}",node10,0,1,1724621046688
prepare,1724621044039,pbft-client,"{""from"":""alice"",""to"":""bob"",""amount"":4}",node13,0,1,1724621046733
prepare,1724621044039,pbft-client,"{""from"":""alice"",""to"":""bob"",""amount"":4}",node23,0,1,1724621046826
prepare,1724621044039,pbft-client,"{""from"":""alice"",""to"":""bob"",""amount"":4}",node18,0,1,1724621048567
prepare,1724621044039,pbft-client,"{""from"":""alice"",""to"":""bob"",""amount"":4}",node1,0,1,1724621048776
prepare,1724621044039,pbft-client,"{""from"":""alice"",""to"":""bob"",""amount"":4}",node27,0,1,1724621049464
prepare,1724621044039,pbft-client,"{""from"":""alice"",""to"":""bob"",""amount"":4}",node6,0,1,1724621051206
commit,1724621044039,pbft-client,"{""from"":""alice"",""to"":""bob"",""amount"":4}",node5,0,1,1724621051633
commit,1724621044039,pbft-client,"{""from"":""alice"",""to"":""bob"",""amount"":4}",node13,0,1,1724621051680
commit,1724621044039,pbft-client,"{""from"":""alice"",""to"":""bob"",""amount"":4}",node22,0,1,1724621051556
commit,1724621044039,pbft-client,"{""from"":""alice"",""to"":""bob"",""amount"":4}",node27,0,1,1724621051845
commit,1724621044039,pbft-client,"{""from"":""alice"",""to"":""bob"",""amount"":4}",node10,0,1,1724621051476
commit,1724621044039,pbft-client,"{""from"":""alice"",""to"":""bob"",""amount"":4}",node6,0,1,1724621051778
commit,1724621044039,pbft-client,"{""from"":""alice"",""to"":""bob"",""amount"":4}",node14,0,1,1724621051388
commit,1724621044039,pbft-client,"{""from"":""alice"",""to"":""bob"",""amount"":4}",node8,0,1,1724621052657
commit,1724621044039,pbft-client,"{""from"":""alice"",""to"":""bob"",""amount"":4}",node4,0,1,1724621052664
commit,1724621044039,pbft-client,"{""from"":""alice"",""to"":""bob"",""amount"":4}",node9,0,1,1724621052633
commit,1724621044039,pbft-client,"{""from"":""alice"",""to"":""bob"",""amount"":4}",node18,0,1,1724621052648
commit,1724621044039,pbft-client,"{""from"":""alice"",""to"":""bob"",""amount"":4}",node3,0,1,1724621052473
commit,1724621044039,pbft-client,"{""from"":""alice"",""to"":""bob"",""amount"":4}",node1,0,1,1724621052918
commit,1724621044039,pbft-client,"{""from"":""alice"",""to"":""bob"",""amount"":4}",node2,0,1,1724621053200
commit,1724621044039,pbft-client,"{""from"":""alice"",""to"":""bob"",""amount"":4}",node31,0,1,1724621053272
commit,1724621044039,pbft-client,"{""from"":""alice"",""to"":""bob"",""amount"":4}",node30,0,1,1724621053363
commit,1724621044039,pbft-client,"{""from"":""alice"",""to"":""bob"",""amount"":4}",node17,0,1,1724621052672
commit,1724621044039,pbft-client,"{""from"":""alice"",""to"":""bob"",""amount"":4}",node24,0,1,1724621052728
commit,1724621044039,pbft-client,"{""from"":""alice"",""to"":""bob"",""amount"":4}",node19,0,1,1724621052577
commit,1724621044039,pbft-client,"{""from"":""alice"",""to"":""bob"",""amount"":4}",node28,0,1,1724621053611
commit,1724621044039,pbft-client,"{""from"":""alice"",""to"":""bob"",""amount"":4}",node26,0,1,1724621053618
commit,1724621044039,pbft-client,"{""from"":""alice"",""to"":""bob"",""amount"":4}",node16,0,1,1724621053628
commit,1724621044039,pbft-client,"{""from"":""alice"",""to"":""bob"",""amount"":4}",node23,0,1,1724621054515
commit,1724621044039,pbft-client,"{""from"":""alice"",""to"":""bob"",""amount"":4}",node25,0,1,1724621054876
Reply,1724621044039,pbft-client,"{""from"":""alice"",""to"":""bob"",""amount"":4}",node3,1,1,1724621055007
